-- phpMyAdmin SQL Dump
-- version 5.2.0
-- https://www.phpmyadmin.net/
--
-- Host: 127.0.0.1
-- Generation Time: Nov 24, 2022 at 08:55 PM
-- Server version: 10.4.25-MariaDB
-- PHP Version: 8.1.10

SET SQL_MODE = "NO_AUTO_VALUE_ON_ZERO";
START TRANSACTION;
SET time_zone = "+00:00";


/*!40101 SET @OLD_CHARACTER_SET_CLIENT=@@CHARACTER_SET_CLIENT */;
/*!40101 SET @OLD_CHARACTER_SET_RESULTS=@@CHARACTER_SET_RESULTS */;
/*!40101 SET @OLD_COLLATION_CONNECTION=@@COLLATION_CONNECTION */;
/*!40101 SET NAMES utf8mb4 */;

--
-- Database: `aset_ahg`
--

-- --------------------------------------------------------

--
-- Table structure for table `barang`
--

CREATE TABLE `barang` (
  `id_barang` int(10) UNSIGNED NOT NULL,
  `kode_barang` varchar(255) COLLATE utf8mb4_unicode_ci NOT NULL,
  `nama_barang` varchar(255) COLLATE utf8mb4_unicode_ci NOT NULL,
  `id_kategori` int(11) NOT NULL,
  `merk` varchar(255) COLLATE utf8mb4_unicode_ci NOT NULL,
  `harga` int(11) NOT NULL,
  `stok` int(11) NOT NULL,
  `created_at` timestamp NULL DEFAULT NULL,
  `updated_at` timestamp NULL DEFAULT NULL
) ENGINE=InnoDB DEFAULT CHARSET=utf8mb4 COLLATE=utf8mb4_unicode_ci;

--
-- Dumping data for table `barang`
--

INSERT INTO `barang` (`id_barang`, `kode_barang`, `nama_barang`, `id_kategori`, `merk`, `harga`, `stok`, `created_at`, `updated_at`) VALUES
(1, 'P000001', 'F OLI (O 1006)MITS TRNT', 1, '', 0, 6, NULL, NULL),
(2, 'P000002', 'F SOLAR(FC1003)MITS TRNT+CD', 1, '', 0, -3, NULL, '2022-11-10 21:23:16'),
(3, 'P000003', 'F OLI (O 1305)HINO TRN', 1, '', 0, 1, NULL, NULL),
(4, 'P000004', 'F OLI (O 1301)HINO ENGKEL', 1, '', 0, 1, NULL, NULL),
(5, 'P000005', 'F OLI (C 1304)HINO ENGKEL', 1, '', 0, 0, NULL, NULL),
(6, 'P000006', 'F SOLAR F 1304', 1, '', 0, 3, NULL, NULL),
(7, 'P000007', 'F SOLAR(FC 1301)HINO ENGKEL', 1, '', 0, 0, NULL, NULL),
(8, 'P000008', 'F SOLAR BWH F1008', 1, '', 0, -5, NULL, '2022-11-10 21:23:16'),
(9, 'P000009', 'F SOLAR ATS(FC 1004)PS 120', 1, '', 0, 1, NULL, NULL),
(10, 'P000010', 'F OLI (C 1004) PS 120', 1, '', 0, 0, NULL, NULL),
(11, 'P000011', 'F OLI C 1012', 1, '', 0, -1, NULL, '2022-11-10 22:34:33'),
(12, 'P000012', 'METAL STD MAN 71-3324 MERCY', 1, '', 0, 0, NULL, NULL),
(13, 'P000013', 'OTOMATIS BRAKE9276075 H TR', 1, '', 0, 0, NULL, NULL),
(14, 'P000014', 'OTOMTS BRAKE26355Z004 M EK', 1, '', 0, 0, NULL, NULL),
(15, 'P000015', 'DRAIN COCK VLV44850-1030 H T', 1, '', 0, 3, NULL, NULL),
(16, 'P000016', 'DRAIN (B ANGIN)MC817017 M T ', 1, '', 0, 0, NULL, NULL),
(17, 'P000017', 'KARET TTP DEXSEL PS120', 1, '', 0, 0, NULL, NULL),
(18, 'P000018', 'KARET BRAKE PS 120', 1, '', 0, 2, NULL, NULL),
(19, 'P000019', 'KARET GANTUNG PS120', 1, '', 0, 2, NULL, NULL),
(20, 'P000020', 'MUR HES PS120', 1, '', 0, 2, NULL, NULL),
(21, 'P000021', 'SIL KRUCK AS DPN ME013306 PS', 1, '', 0, 1, NULL, NULL),
(22, 'P000022', 'SWITC ATRET MTS TRONTON', 1, '', 0, 0, NULL, NULL),
(23, 'P000023', 'SWIT STOPMT38890 PS120', 1, '', 0, 0, NULL, NULL),
(24, 'P000024', 'REGULATOR OS14 030 0610 STC', 1, '', 0, 0, NULL, NULL),
(25, 'P000025', 'PRESURE REG 44530-1170 H TRN', 1, '', 0, 0, NULL, NULL),
(26, 'P000026', 'REPAIR KOPLING ATS M GANJO', 1, '', 0, 1, NULL, NULL),
(27, 'P000027', 'REP KIT KOPLG BWH FR0210 H T', 1, '', 0, 0, NULL, NULL),
(28, 'P000028', 'REP KIT KOPLG BWH SK81581', 1, '', 0, 2, NULL, NULL),
(29, 'P000029', 'KEP REM DPN SC50123R TR GNJ', 1, '', 0, 26, NULL, NULL),
(30, 'P000030', 'KEP REM BLK 55-56', 1, '', 0, 34, NULL, NULL),
(31, 'P000031', 'KEP REM 11/2 SC80903R DPN HT', 1, '', 0, 71, NULL, NULL),
(32, 'P000032', 'KEP REM 13/8 SC81063R BLK H T', 1, '', 0, -3, NULL, '2022-11-21 17:39:02'),
(33, 'P000033', 'KEP REM 11/8 SC 80353 PS120', 1, '', 0, 2, NULL, NULL),
(34, 'P000034', 'KEP REM 1 1/4 PS 120', 1, '', 0, 0, NULL, NULL),
(35, 'P000035', 'KARET ABU SC80334DPN H TRN', 1, '', 0, 18, NULL, NULL),
(36, 'P000036', 'KARET ABU SC30414BLK H TRN', 1, '', 0, 0, NULL, NULL),
(37, 'P000037', 'VALVE TRANS MC808718 M GNJ', 1, '', 0, 1, NULL, NULL),
(38, 'P000038', 'F SOLAR /F-2602 BF787G CUMN', 1, '', 0, 1, NULL, NULL),
(39, 'P000039', 'F SOLAR/F-2601  P787 G CUMIN', 1, '', 0, 1, NULL, NULL),
(40, 'P000040', 'F SOLAR/FC5501 G CATII+III PER', 1, '', 0, 0, NULL, NULL),
(41, 'P000041', 'F SOLAR FC6203 G VOLVO IV/WK731', 1, '', 0, 0, NULL, NULL),
(42, 'P000042', 'F OLI B76/2P-4004 G VOLVO IV', 1, '', 0, 2, NULL, NULL),
(43, 'P000043', 'F OLI BELDWIN B7685 G VOLVO', 1, '', 0, 1, NULL, NULL),
(44, 'P000044', 'F SOLAR P557440/SFF2299 G CAT II+III', 1, '', 0, 0, NULL, NULL),
(45, 'P000045', 'F SOLAR KX 36 G MERCY V', 1, '', 0, 0, NULL, NULL),
(46, 'P000046', 'F.SOLAR KX44 G MERCY V', 1, '', 0, 0, NULL, NULL),
(47, 'P000047', 'F.OLI OX69 / H12110/D12 G MERCY V', 1, '', 0, 2, NULL, NULL),
(48, 'P000048', 'F.TRANS LDR PT510 LDR WA350', 1, '', 0, 3, NULL, NULL),
(49, 'P000049', 'F.HYD LOADER D530A', 1, '', 0, 1, NULL, NULL),
(50, 'P000050', 'F SOLAR FC5602 LOADER D540', 1, '', 0, 0, NULL, NULL),
(51, 'P000051', 'F OLI J 8610120/FL-5120 WA350+D530', 1, '', 0, 1, NULL, NULL),
(52, 'P000052', 'F OLI C5604 DOZER D21P', 1, '', 0, 3, NULL, NULL),
(53, 'P000053', 'F OLI C1822 DOZER D21P', 1, '', 0, 1, NULL, NULL),
(54, 'P000054', 'F HYD HC7901 EXC SMS 210-2', 1, '', 0, 0, NULL, NULL),
(55, 'P000055', 'F HYD FH3419 STOCK', 1, '', 0, 1, NULL, NULL),
(56, 'P000056', 'F HYD IHI EXC IHI', 1, '', 0, 1, NULL, NULL),
(57, 'P000057', 'F HYD CORMILING', 1, '', 0, 1, NULL, NULL),
(58, 'P000058', 'F BALDWIN G MERCY VII', 1, '', 0, 0, NULL, NULL),
(59, 'P000059', 'F SOLAR ME086280 EXC HYD320', 1, '', 0, 0, NULL, NULL),
(60, 'P000060', 'PILOT FILTER FH4135 EXC HYD', 1, '', 0, 7, NULL, NULL),
(61, 'P000061', 'F SOLAR ME046010 M GREDER', 1, '', 0, 0, NULL, NULL),
(62, 'P000062', 'F OLI ME021254 M GREDER', 1, '', 0, 2, NULL, NULL),
(63, 'P000063', 'F UDARA MB120476A CD PS135', 1, '', 0, 2, NULL, NULL),
(64, 'P000064', 'F UDARA MB120390 CD PS120', 1, '', 0, 1, NULL, NULL),
(65, 'P000065', 'F OLI ME130968/C-1007 M TRNT+ENGK', 1, '', 0, 0, NULL, NULL),
(66, 'P000066', 'F SOLAR ME131989 M TRN+ENG', 1, '', 0, 9, NULL, NULL),
(67, 'P000067', 'F OLI LF9009/FL-0103/SFO0009 EXC HYUND 320', 1, '', 0, 0, NULL, NULL),
(68, 'P000068', 'F SOLS P554407/LF699 VBR TON/JIMCO', 1, '', 0, 0, NULL, NULL),
(69, 'P000069', 'F TRANS FH1140 LODER D530', 1, '', 0, 3, NULL, NULL),
(70, 'P000070', 'F TRANS BWH FN4510 LDR 530', 1, '', 0, 2, NULL, NULL),
(71, 'P000071', 'F UDARA FR5629F EXC IHI', 1, '', 0, 0, NULL, NULL),
(72, 'P000072', 'F UDARA PAE303 DOZER D3C', 1, '', 0, 0, NULL, NULL),
(73, 'P000073', 'F OLI P558615 EXC KMTS PC200', 1, '', 0, 0, NULL, NULL),
(74, 'P000074', 'F HYD J86-30180 EXC KMS PC200', 1, '', 0, 0, NULL, NULL),
(75, 'P000075', 'SEAL RD 154-175-13 HN TRNT', 1, '', 0, 0, NULL, NULL),
(76, 'P000076', 'SEAL RD SZ313-01002 DPN HN T', 1, '', 0, 0, NULL, NULL),
(77, 'P000077', 'SEAL RD SZ311-01033 BLK HN TR', 1, '', 0, 8, NULL, NULL),
(78, 'P000078', 'SEAL RD G165 MITS GANJO LM', 1, '', 0, 0, NULL, NULL),
(79, 'P000079', 'SEAL RD MK076KI STOCK MTS', 1, '', 0, 0, NULL, NULL),
(80, 'P000080', 'SEAL RD NOK9828/66105 STOCK', 1, '', 0, 0, NULL, NULL),
(81, 'P000081', 'SEAL RD MC807438 M TRONTON', 1, '', 0, 0, NULL, NULL),
(82, 'P000082', 'SEAL KIT ARM EXC SMS 210-2', 1, '', 0, 0, NULL, NULL),
(83, 'P000083', 'SEAL KIT BOOM PC200-7', 1, '', 0, 0, NULL, NULL),
(84, 'P000084', 'SEAL KIT BOOM R320LC EXC HYD', 1, '', 0, 0, NULL, NULL),
(85, 'P000085', 'SEAL KIT BUCKET R320 EXC IHI', 1, '', 0, 0, NULL, NULL),
(86, 'P000086', 'SEAL ARM EXC IHI', 1, '', 0, 0, NULL, NULL),
(87, 'P000087', 'SEAL DUST 7141219170 L WA350', 1, '', 0, 0, NULL, NULL),
(88, 'P000088', 'SEAL OIL 714-12-19120 L WA350', 1, '', 0, 0, NULL, NULL),
(89, 'P000089', 'SEAL PTO TC30-62-10 H TRONTN', 1, '', 0, 0, NULL, NULL),
(90, 'P000090', 'SEAL RD TB138-152-12DPN H EN', 1, '', 0, 0, NULL, NULL),
(91, 'P000091', 'F SOLAR FK 8220 LOUDER D530', 1, '', 0, 0, NULL, NULL),
(92, 'P000092', 'F OLI FL 0713 DOZER D3C', 1, '', 0, 0, NULL, NULL),
(93, 'P000093', 'SEAL RODA 154-175-13 HN TRN', 1, '', 0, 0, NULL, NULL),
(94, 'P000094', 'SEAL TB35-60-12 G BOX CLS KLTG', 1, '', 0, 1, NULL, NULL),
(95, 'P000095', 'SEAL RD DLM 30211RS3B PS120', 1, '', 0, 0, NULL, NULL),
(96, 'P000096', 'SEAL TC 45-60-9 STOCK', 1, '', 0, 0, NULL, NULL),
(97, 'P000097', 'SEAL TC 50-80-12 STOCK', 1, '', 0, 0, NULL, NULL),
(98, 'P000098', 'SEAL TC 55-78-8RT-1 STOCK', 1, '', 0, 0, NULL, NULL),
(99, 'P000099', 'SEAL AH 3730 H STOCK', 1, '', 0, 0, NULL, NULL),
(100, 'P000100', 'SEAL TC 50-70-12 STOCK', 1, '', 0, 0, NULL, NULL),
(101, 'P000101', 'LAMP PHILIPS MASTER 250W645', 1, '', 0, 0, NULL, NULL),
(102, 'P000102', 'SEAL GARDAN PS 135', 1, '', 0, 0, NULL, NULL),
(103, 'P000103', 'RING BAGONG PS 120', 1, '', 0, 0, NULL, NULL),
(104, 'P000104', 'RING KNALPOT PS 120', 1, '', 0, 0, NULL, NULL),
(105, 'P000105', 'KETOUT AVR553 12V STOCK', 1, '', 0, 0, NULL, NULL),
(106, 'P000106', 'HOLDER STATER1331-042 HINO', 1, '', 0, 1, NULL, NULL),
(107, 'P000107', 'FLASHER 066500-3860 TRAILER', 1, '', 0, 0, NULL, NULL),
(108, 'P000108', 'SWITCH MC854708 HN TRONTN', 1, '', 0, 0, NULL, NULL),
(109, 'P000109', 'SEAL DOZER D21P', 1, '', 0, 0, NULL, NULL),
(110, 'P000110', 'SINCHROMES TRANS HN TRONT', 1, '', 0, 0, NULL, NULL),
(111, 'P000111', 'COVER MAN EXC HYUNDAI', 1, '', 0, 1, NULL, NULL),
(112, 'P000112', 'PRESCISION OUTO G(TEMP PNS)', 1, '', 0, 1, NULL, NULL),
(113, 'P000113', 'SLEVE 81-933781-1 LDR KOMATS', 1, '', 0, 0, NULL, NULL),
(114, 'P000114', 'T ROD ENDFOR ROD ASSY HN EK', 1, '', 0, 0, NULL, NULL),
(115, 'P000115', 'GASKET 381-715418-1LDR 530', 1, '', 0, 0, NULL, NULL),
(116, 'P000116', 'BREATHER AIR E131-0253 E HYN', 1, '', 0, 0, NULL, NULL),
(117, 'P000117', 'PISTON KIT 8-97176-892-0 ISUZU', 1, '', 0, 4, NULL, NULL),
(118, 'P000118', 'LINER 5-87816-892-0 ISUZU 3KRI', 1, '', 0, 0, NULL, NULL),
(119, 'P000119', 'RING PISTON', 1, '', 0, 0, NULL, NULL),
(120, 'P000120', 'REPAIR KIT REG29102-1340 H TR', 1, '', 0, 0, NULL, NULL),
(121, 'P000121', 'SEAL USH 70-80-6 STOCK', 1, '', 0, 0, NULL, NULL),
(122, 'P000122', 'SEAL 125-150-14 FPM6D108', 1, '', 0, 0, NULL, NULL),
(123, 'P000123', 'ANGKR STATR M106-29571PS135', 1, '', 0, 0, NULL, NULL),
(124, 'P000124', 'ARMATURE HYUNDAI 320-7', 1, '', 0, 0, NULL, NULL),
(125, 'P000125', 'ARMATURE BP ALIP LAS', 1, '', 0, 1, NULL, NULL),
(126, 'P000126', 'MANIPOL MITS GANJO', 1, '', 0, 0, NULL, NULL),
(127, 'P000127', 'STATER TR SAKAI', 1, '', 0, 1, NULL, NULL),
(128, 'P000128', 'BENDIK STATER SAMSUNG210', 1, '', 0, 1, NULL, NULL),
(129, 'P000129', 'BENDIK STATER SH-87 STOCK', 1, '', 0, 1, NULL, NULL),
(130, 'P000130', 'BRAKE VALVE 10241-021670 STC', 1, '', 0, 0, NULL, NULL),
(131, 'P000131', 'STOP PER HINO', 1, '', 0, 1, NULL, NULL),
(132, 'P000132', 'BEARING 30 211-IN', 1, '', 0, 0, NULL, NULL),
(133, 'P000133', 'BEARING HR 30212 J', 1, '', 0, 0, NULL, NULL),
(134, 'P000134', 'BEARING 4T 30308 D', 1, '', 0, 0, NULL, NULL),
(135, 'P000135', 'BEARING 22215RHR F DRIPD21P', 1, '', 0, 1, NULL, NULL),
(136, 'P000136', 'BEARING NF310', 1, '', 0, 1, NULL, NULL),
(137, 'P000137', 'BEARING 45BZ02BQ', 1, '', 0, 1, NULL, NULL),
(138, 'P000138', 'BEARING NJ308-TVH-C3', 1, '', 0, 1, NULL, NULL),
(139, 'P000139', 'BEARING 50KW01', 1, '', 0, 0, NULL, NULL),
(140, 'P000140', 'BEARING 6307', 1, '', 0, 4, NULL, NULL),
(141, 'P000141', 'BEARING 62052R', 1, '', 0, 0, NULL, NULL),
(142, 'P000142', 'BEARING 5203', 1, '', 0, 3, NULL, NULL),
(143, 'P000143', 'F SOLAR 9-88511194-2', 1, '', 0, 0, NULL, NULL),
(144, 'P000144', 'F SOLAR EXC FURUKAWA', 1, '', 0, 0, NULL, NULL),
(145, 'P000145', 'F OLI FINISHER MTS MF 55', 1, '', 0, 3, NULL, NULL),
(146, 'P000146', 'F OLI 15613-89105', 1, '', 0, 0, NULL, NULL),
(147, 'P000147', 'F SOLAR J-8620220/I6-13240-023-0', 1, '', 0, 0, NULL, NULL),
(148, 'P000148', 'FUSE BOX 5 X 310', 1, '', 0, 0, NULL, NULL),
(149, 'P000149', 'SEAL ARM EXC FURUKAWA', 1, '', 0, 0, NULL, NULL),
(150, 'P000150', 'RELAY 24 V', 1, '', 0, 0, NULL, NULL),
(151, 'P000151', 'R/KIT SLEVE INJECTOR 270575', 1, '', 0, 2, NULL, NULL),
(152, 'P000152', 'GASKET 121850-01321 EXC YMR', 1, '', 0, 0, NULL, NULL),
(153, 'P000153', 'SEAL RD BLDLM MB161152PS120', 1, '', 0, 0, NULL, NULL),
(154, 'P000154', 'KAWAT LAS GOLD 740', 1, '', 0, 37, NULL, NULL),
(155, 'P000155', 'KAWAT LAS GOLD 707', 1, '', 0, 203, NULL, NULL),
(156, 'P000156', 'KAWAT LAS GOLD 410', 1, '', 0, 0, NULL, NULL),
(157, 'P000157', 'KAWAT LAS GOLD 641', 1, '', 0, 69, NULL, NULL),
(158, 'P000158', 'KAWAT LAS F890', 1, '', 0, 0, NULL, NULL),
(159, 'P000159', 'KAWAT LAS GOLDWEL 302', 1, '', 0, 0, NULL, NULL),
(160, 'P000160', 'KAWAT LAS STEEL NSN-312', 1, '', 0, 0, NULL, NULL),
(161, 'P000161', 'KAWAT LAS RB ESAB', 1, '', 0, 0, NULL, NULL),
(162, 'P000162', 'KAWAT LAS LB ESAB', 1, '', 0, 0, NULL, NULL),
(163, 'P000163', 'KMPS REM MC321244 PS125/135', 1, '', 0, 0, NULL, NULL),
(164, 'P000164', 'KMPS REM MC832910 PS120', 1, '', 0, 38, NULL, NULL),
(165, 'P000165', 'KMPS REM BET10-04200 HN DTR ', 1, '', 0, 0, NULL, NULL),
(166, 'P000166', 'KMPS REM MC807888BLK HN TR', 1, '', 0, 96, NULL, NULL),
(167, 'P000167', 'KMPS REM MC828747BLK FSO BR', 1, '', 0, 140, NULL, NULL),
(168, 'P000168', 'KMPS REM 12028475 DPN FSO BR', 1, '', 0, 46, NULL, NULL),
(169, 'P000169', 'KMPS REM MC807887DPN HN TR', 1, '', 0, 96, NULL, '2022-11-21 17:39:02'),
(170, 'P000170', 'KMPS REM 12022-475BLK FSO LM', 1, '', 0, 52, NULL, NULL),
(171, 'P000171', 'KMPS REM ML837103-26 MTS CD', 1, '', 0, 16, NULL, NULL),
(172, 'P000172', 'KMPS REM RGA41039-90160 TR', 1, '', 0, 2, NULL, NULL),
(173, 'P000173', 'BATU GERINDA 7\"', 1, '', 0, 0, NULL, NULL),
(174, 'P000174', 'BERING 6216-2Z', 1, '', 0, 4, NULL, NULL),
(175, 'P000175', 'BERING HR 32018 TRAILLER', 1, '', 0, 1, NULL, NULL),
(176, 'P000176', 'BERING E 22218 J', 1, '', 0, 2, NULL, NULL),
(177, 'P000177', 'BERING HR 32214 J', 1, '', 0, 2, NULL, NULL),
(178, 'P000178', 'BERING NF 210', 1, '', 0, 1, NULL, NULL),
(179, 'P000179', 'BERING MR 385717', 1, '', 0, 1, NULL, NULL),
(180, 'P000180', 'STATOR 381-97-7560-1 LDR D530', 1, '', 0, 0, NULL, NULL),
(181, 'P000181', 'LAMPU TOKI', 1, '', 0, 0, NULL, NULL),
(182, 'P000182', 'FOG LAMP MH515 24V100 W', 1, '', 0, 0, NULL, NULL),
(183, 'P000183', 'FOG LAMP MH315 12V55 W', 1, '', 0, 0, NULL, NULL),
(184, 'P000184', 'FOG LAMP PUTIH H3 12V 55W', 1, '', 0, 0, NULL, NULL),
(185, 'P000185', 'BERING UCX 10', 1, '', 0, 0, NULL, NULL),
(186, 'P000186', 'VIT KRAN 1 1/2 AMP BGL', 1, '', 0, 0, NULL, NULL),
(187, 'P000187', 'DIAMON CORE BIT 4-1/4\" LABRT', 1, '', 0, 0, NULL, NULL),
(188, 'P000188', 'STANG STIMER/CUCI MBL', 1, '', 0, 0, NULL, NULL),
(189, 'P000189', 'SEPATU REM ASSY BLK HN STOK', 1, '', 0, 0, NULL, NULL),
(190, 'P000190', 'MASTER CYLINDER/SERVO RM H', 1, '', 0, 0, NULL, NULL),
(191, 'P000191', 'LINER ME 713203', 1, '', 0, 0, NULL, NULL),
(192, 'P000192', 'RING SEKER ME 713328', 1, '', 0, 0, NULL, NULL),
(193, 'P000193', 'F OLI FHAS FL3349 EXC PC200', 1, '', 0, 1, NULL, NULL),
(194, 'P000194', 'F OLI POE 099 GNST CAT', 1, '', 0, 10, NULL, NULL),
(195, 'P000195', 'SPRING KMPS RD MC812457 HN', 1, '', 0, 0, NULL, NULL),
(196, 'P000196', 'KAMPAS HAND REM PS 120', 1, '', 0, 1, NULL, NULL),
(197, 'P000197', 'KAMPAS REM TAFF F50', 1, '', 0, 2, NULL, NULL),
(198, 'P000198', 'ELBO BESI 1 1/2', 1, '', 0, 0, NULL, NULL),
(199, 'P000199', 'DOBEL NEPEL', 1, '', 0, 0, NULL, NULL),
(200, 'P000200', 'SHOK DRAT', 1, '', 0, 0, NULL, NULL),
(201, 'P000201', 'TEI', 1, '', 0, 0, NULL, NULL),
(202, 'P000202', 'SEAL TAPE', 1, '', 0, 0, NULL, NULL),
(203, 'P000203', 'F OLI 15607-2190L HN LOHAN', 1, '', 0, 1, NULL, NULL),
(204, 'P000204', 'F SOLAR 23401-1440L LOHAN', 1, '', 0, 0, NULL, NULL),
(205, 'P000205', 'F SOLAR FC 1301/23401-1332L LOHAN', 1, '', 0, 0, NULL, NULL),
(206, 'P000206', 'BAUT RODA L/KIRI BLK MTS GNJ', 1, '', 0, 0, NULL, NULL),
(207, 'P000207', 'BAUT RODA R/KANAN BLK M GJ', 1, '', 0, 5, NULL, NULL),
(208, 'P000208', 'BAUT RODA L/KIRI BLK HINO', 1, '', 0, 0, NULL, NULL),
(209, 'P000209', 'BAUT RODA R/KANAN BLK HINO', 1, '', 0, 0, NULL, NULL),
(210, 'P000210', 'BAUT RODA L/KIRI DPN HINO', 1, '', 0, 2, NULL, NULL),
(211, 'P000211', 'BAUT RODA R/KANAN DPN HINO', 1, '', 0, 4, NULL, NULL),
(212, 'P000212', 'BAUT RODA L/KIRI DPN M GJ LM', 1, '', 0, 3, NULL, NULL),
(213, 'P000213', 'BAUT RODA R/KN BLK HN LOHAN', 1, '', 0, 0, NULL, NULL),
(214, 'P000214', 'BAUT RODA R/KN BLK HN LOHAN', 1, '', 0, 0, NULL, NULL),
(215, 'P000215', 'BAUT RODA R/KN BLK PS120', 1, '', 0, 6, NULL, NULL),
(216, 'P000216', 'BAUT RODA L/KIRI BLK PS120', 1, '', 0, 0, NULL, NULL),
(217, 'P000217', 'BAUT RODA R FORKLIFT', 1, '', 0, 4, NULL, NULL),
(218, 'P000218', 'BAUT RODA L/KIRI DPN PS120', 1, '', 0, 2, NULL, NULL),
(219, 'P000219', 'BAUT RODA R/KN DPN PS120', 1, '', 0, 0, NULL, NULL),
(220, 'P000220', 'F UDARA P181109 GNS CAT', 1, '', 0, 0, NULL, NULL),
(221, 'P000221', 'F UDARA 17801-3380 G VOLVO', 1, '', 0, 2, NULL, NULL),
(222, 'P000222', 'F UDARA P12-0058', 1, '', 0, 2, NULL, NULL),
(223, 'P000223', 'F UDARA FA 9057 EXC HYUNDAI', 1, '', 0, 2, NULL, NULL),
(224, 'P000224', 'F UDARA FR 763 EXC HYUNDAI', 1, '', 0, 0, NULL, NULL),
(225, 'P000225', 'F UDARA 4L 9852 LODER D530', 1, '', 0, 0, NULL, NULL),
(226, 'P000226', 'F UDARA FA 0215 LODER D540', 1, '', 0, 0, NULL, NULL),
(227, 'P000227', 'F UDR A1026/ME073252 TR GJ L', 1, '', 0, 0, NULL, NULL),
(228, 'P000228', 'F UDARA 17801-3380L HN LOHN', 1, '', 0, 2, NULL, NULL),
(229, 'P000229', 'F UDARA A.1313/17801-2530 HN TR/WA', 1, '', 0, 2, NULL, NULL),
(230, 'P000230', 'F UDARA A1311/17801 HN ENGK', 1, '', 0, 0, NULL, NULL),
(231, 'P000231', 'F UDARA A1306 HN ENGKEL', 1, '', 0, 9, NULL, NULL),
(232, 'P000232', 'F TRANS TW', 1, '', 0, 1, NULL, NULL),
(233, 'P000233', 'F UDRA A1088/ME017246 PS125', 1, '', 0, 18, NULL, '2022-11-10 17:39:05'),
(234, 'P000234', 'F HYD 205-60-51430 EXC 210-2', 1, '', 0, 0, NULL, NULL),
(235, 'P000235', 'MS-N 20PM 15A/12-18A', 1, '', 0, 0, NULL, NULL),
(236, 'P000236', 'TRI BOLD FINISHER NIGATA', 1, '', 0, 0, NULL, NULL),
(237, 'P000237', 'COTOTAN STEMPET PRISOL', 1, '', 0, 0, NULL, NULL),
(238, 'P000238', 'SELENOID VALVE FNSH NIGATA', 1, '', 0, 2, NULL, NULL),
(239, 'P000239', 'STATER', 1, '', 0, 0, NULL, NULL),
(240, 'P000240', 'TEERODEND LH MC812879 T GJ L', 1, '', 0, 0, NULL, NULL),
(241, 'P000241', 'TEERODEND RH MC812880 T GJ L', 1, '', 0, 0, NULL, NULL),
(242, 'P000242', 'KRIS KOPEL 7H39585 LDR CAT988', 1, '', 0, 1, NULL, NULL),
(243, 'P000243', 'KRIS KOPER/SPIDER ASSY LODER', 1, '', 0, 2, NULL, NULL),
(244, 'P000244', 'KARET KOPLING FNS MTS NF55', 1, '', 0, 2, NULL, NULL),
(245, 'P000245', 'CABLE PTO 3,5 MTR PS120', 1, '', 0, 5, NULL, NULL),
(246, 'P000246', 'CABLE PTO 4 MTR HINO', 1, '', 0, 10, NULL, NULL),
(247, 'P000247', 'CABLE PTO 4,5 MTR HINO', 1, '', 0, 4, NULL, NULL),
(248, 'P000248', 'CABLE PTO 5,5 MTR HN TRNT', 1, '', 0, 7, NULL, NULL),
(249, 'P000249', 'CABLE PTO 5 MTR HN TRNT', 1, '', 0, 5, NULL, NULL),
(250, 'P000250', 'CABLE PTO 3 MTR PS 120', 1, '', 0, 11, NULL, NULL),
(251, 'P000251', 'CABLE PTO 6 MTR HN TRNT', 1, '', 0, 7, NULL, NULL),
(252, 'P000252', 'CABLE CONTROL MC 638395', 1, '', 0, 0, NULL, NULL),
(253, 'P000253', 'KABEL PTO 2,5 MTR PS120', 1, '', 0, 0, NULL, NULL),
(254, 'P000254', 'KABEL GAS MB181390 PS120', 1, '', 0, 1, NULL, NULL),
(255, 'P000255', 'ACCELARATOR CABLE46401-9520', 1, '', 0, 0, NULL, NULL),
(256, 'P000256', 'KABEL KM ATAS MB302692PS120', 1, '', 0, 4, NULL, NULL),
(257, 'P000257', 'KABEL KM 83720-1900', 1, '', 0, 0, NULL, NULL),
(258, 'P000258', 'KABEL KM BAWAH HINO TRNT', 1, '', 0, 0, NULL, NULL),
(259, 'P000259', 'KABEL KM 83720-1880', 1, '', 0, 1, NULL, NULL),
(260, 'P000260', 'KABEL KM 83710-6420 HN ENG', 1, '', 0, 0, NULL, NULL),
(261, 'P000261', 'KABEL KM 83710-6370 HN ENG', 1, '', 0, 1, NULL, NULL),
(262, 'P000262', 'KABEL KM MB260271 PS120 BWH', 1, '', 0, 0, NULL, NULL),
(263, 'P000263', 'KABEL KM 83710-9261L', 1, '', 0, 1, NULL, NULL),
(264, 'P000264', 'KABEL KM 83720-1900L', 1, '', 0, 0, NULL, NULL),
(265, 'P000265', 'KBL GAS HINO 78015-7540 HINO', 1, '', 0, 2, NULL, NULL),
(266, 'P000266', 'KBL GAS 83710-6370 HINO', 1, '', 0, 0, NULL, NULL),
(267, 'P000267', 'KBL MH 011389', 1, '', 0, 0, NULL, NULL),
(268, 'P000268', 'KBL HANDREM A50 TAFF', 1, '', 0, 1, NULL, NULL),
(269, 'P000269', 'KBL GAS MB181388 L300', 1, '', 0, 1, NULL, NULL),
(270, 'P000270', 'KBL CHOKE 78018-4951 ', 1, '', 0, 1, NULL, NULL),
(271, 'P000271', 'KBL HANDREM MC638895', 1, '', 0, 0, NULL, NULL),
(272, 'P000272', 'FRTING SEAL NHS-100MM EXC210', 1, '', 0, 1, NULL, NULL),
(273, 'P000273', 'BUSHING TRONTON HINO', 1, '', 0, 4, NULL, NULL),
(274, 'P000274', 'TURBO CHARGER EXC 210-1+II', 1, '', 0, 0, NULL, NULL),
(275, 'P000275', 'KEONGAN TURBO', 1, '', 0, 0, NULL, NULL),
(276, 'P000276', 'LINER GENSET MERCY V', 1, '', 0, 0, NULL, NULL),
(277, 'P000277', 'GASKET ISUZU 3 KRI', 1, '', 0, 0, NULL, NULL),
(278, 'P000278', 'STANG/GAGANG FIPER HN TRN', 1, '', 0, 1, NULL, NULL),
(279, 'P000279', 'WIPER 16\"', 1, '', 0, 0, NULL, NULL),
(280, 'P000280', 'BAUT TRACK SHOE EXC HYUNDAI', 1, '', 0, 3, NULL, NULL),
(281, 'P000281', 'BEARING 6304', 1, '', 0, 132, NULL, NULL),
(282, 'P000282', 'BAUT TRACK SHOE EXC 210-1', 1, '', 0, 0, NULL, NULL),
(283, 'P000283', 'BAUT TRACK SHOE EXC 210-2', 1, '', 0, 0, NULL, NULL),
(284, 'P000284', 'GEAR COUNTER Z=49 HINO', 1, '', 0, 1, NULL, NULL),
(285, 'P000285', 'BAUT 5/8 X 3 BAJA RAK EXC IHI', 1, '', 0, 40, NULL, NULL),
(286, 'P000286', 'BAUT TRACK SHOE DOZER D3C', 1, '', 0, 0, NULL, NULL),
(287, 'P000287', 'KANCINGAN SPT TRACK EXC IHI', 1, '', 0, 21, NULL, NULL),
(288, 'P000288', 'BAUT ROLLER ATAS EXC 210', 1, '', 0, 0, NULL, NULL),
(289, 'P000289', 'BAUT ROLLER BAWAH EXC 210', 1, '', 0, 70, NULL, NULL),
(290, 'P000290', 'SEAL ARM CYL EXC 320-7', 1, '', 0, 0, NULL, NULL),
(291, 'P000291', 'SEAL BOOM CYL EXC 320-7', 1, '', 0, 0, NULL, NULL),
(292, 'P000292', 'SEAL BUCKET CYL EXC 320-7', 1, '', 0, 0, NULL, NULL),
(293, 'P000293', 'SEAL IDI 90-105-10 EXC 210', 1, '', 0, 0, NULL, NULL),
(294, 'P000294', 'REPAIR KIT BOSTER REM HINO', 1, '', 0, 0, NULL, NULL),
(295, 'P000295', 'REPAIR KIT BOSTER KOPLING HN', 1, '', 0, 0, NULL, NULL),
(296, 'P000296', 'REP KIT BOSTER REM MTS GANJO', 1, '', 0, 0, NULL, NULL),
(297, 'P000297', 'SEAL NOK', 1, '', 0, 0, NULL, NULL),
(298, 'P000298', 'LAMPU SEN HINO', 1, '', 0, 0, NULL, NULL),
(299, 'P000299', 'SWITCH DNM STATER LDR D530', 1, '', 0, 0, NULL, NULL),
(300, 'P000300', 'SWITCH DNM STATER M GREDR', 1, '', 0, 0, NULL, NULL),
(301, 'P000301', 'STANG RODA', 1, '', 0, 0, NULL, NULL),
(302, 'P000302', 'ADAPTOR EXC KOMATS PC200-7', 1, '', 0, 0, NULL, NULL),
(303, 'P000303', 'ADAPTOR SAMSUNG 210-1', 1, '', 0, 0, NULL, NULL),
(304, 'P000304', 'TOTH/KUKU EXC KMTS PC200-7', 1, '', 0, 0, NULL, NULL),
(305, 'P000305', 'TOTH/KUKU EXC HYUNDAI320', 1, '', 0, 4, NULL, NULL),
(306, 'P000306', 'ADAPTOR EXC FURUKAWA', 1, '', 0, 0, NULL, NULL),
(307, 'P000307', 'TOP ROLLER DOZER D21P', 1, '', 0, 0, NULL, NULL),
(308, 'P000308', 'PELEX LOBANG 8 HINO', 1, '', 0, 0, NULL, NULL),
(309, 'P000309', 'SELANG 8,5 X14 MSN CUCI', 1, '', 0, 0, NULL, NULL),
(310, 'P000310', 'TURBO CHARGER LODER D530', 1, '', 0, 1, NULL, NULL),
(311, 'P000311', 'V BELT 17X1300/5520 LI MTS', 1, '', 0, 0, NULL, NULL),
(312, 'P000312', 'V BELT B52-2 9001-45179A HINO', 1, '', 0, 0, NULL, NULL),
(313, 'P000313', 'LAMPU KODOK MERAH+KUNING+BIRU', 1, '', 0, 0, NULL, NULL),
(314, 'P000314', 'TIE ROD STANG VERS 33076-1410', 1, '', 0, 0, NULL, NULL),
(315, 'P000315', 'LAMPU MAINAN HINO', 1, '', 0, 2, NULL, NULL),
(316, 'P000316', 'MICA LAMPU PS 120', 1, '', 0, 0, NULL, NULL),
(317, 'P000317', 'MIKA LAMPU REM PS 120', 1, '', 0, 0, NULL, NULL),
(318, 'P000318', 'MIKA LAMPU RETING PS 135', 1, '', 0, 0, NULL, NULL),
(319, 'P000319', 'LAMPU MATA KUCING/KABUT', 1, '', 0, 0, NULL, NULL),
(320, 'P000320', 'LAMPU HS 24V 100W', 1, '', 0, 0, NULL, NULL),
(321, 'P000321', 'BULB 24 V DOUBLE KECIL', 1, '', 0, 0, NULL, NULL),
(322, 'P000322', 'BULB 24 V ENGKEL KECIL', 1, '', 0, 0, NULL, NULL),
(323, 'P000323', 'BULB 24 V ENGKEL BESAR', 1, '', 0, 30, NULL, NULL),
(324, 'P000324', 'BULB 24 V DOUBLE BESAR', 1, '', 0, 51, NULL, NULL),
(325, 'P000325', 'SEKRING KUNING 20 A', 1, '', 0, 0, NULL, NULL),
(326, 'P000326', 'SEKRING BIRU 15 A', 1, '', 0, 0, NULL, NULL),
(327, 'P000327', 'SEKRING MERAH 10 A', 1, '', 0, 0, NULL, NULL),
(328, 'P000328', 'TIE ROD 33870-5260', 1, '', 0, 0, NULL, NULL),
(329, 'P000329', 'MICA PUTIH BEMPER PS 120', 1, '', 0, 0, NULL, NULL),
(330, 'P000330', 'BERING 22322-E1 CLUSHER BGL', 1, '', 0, 1, NULL, NULL),
(331, 'P000331', 'V BELT D 195 CLSH KLONTONG', 1, '', 0, 0, NULL, NULL),
(332, 'P000332', 'V BELT C 195 CLSH BUGEL', 1, '', 0, 8, NULL, NULL),
(333, 'P000333', 'V BELT C 165 CLSH BUGEL', 1, '', 0, 10, NULL, NULL),
(334, 'P000334', 'V BELT C 144', 1, '', 0, 1, NULL, NULL),
(335, 'P000335', 'V BELT C 227', 1, '', 0, 1, NULL, NULL),
(336, 'P000336', 'V BELT C 224', 1, '', 0, 6, NULL, NULL),
(337, 'P000337', 'V BELT C 87 CLSH BUGEL', 1, '', 0, 0, NULL, NULL),
(338, 'P000338', 'V BELT D 200', 1, '', 0, 8, NULL, NULL),
(339, 'P000339', 'V BELT B 119 ', 1, '', 0, 7, NULL, NULL),
(340, 'P000340', 'V BELT B 102 CLSH KLT', 1, '', 0, 0, NULL, NULL),
(341, 'P000341', 'V BELT B 94', 1, '', 0, 0, NULL, NULL),
(342, 'P000342', 'V BELT B 92', 1, '', 0, 4, NULL, NULL),
(343, 'P000343', 'V BELT B 90', 1, '', 0, 0, NULL, NULL),
(344, 'P000344', 'V BELT B 82 CLSH KLT', 1, '', 0, 0, NULL, NULL),
(345, 'P000345', 'V BELT D 220', 1, '', 0, 7, NULL, NULL),
(346, 'P000346', 'V BELT B 103', 1, '', 0, 0, NULL, NULL),
(347, 'P000347', 'V BELT C 86', 1, '', 0, 0, NULL, NULL),
(348, 'P000348', 'V BELT B 68 ', 1, '', 0, 0, NULL, NULL),
(349, 'P000349', 'V BELT B 73', 1, '', 0, 19, NULL, NULL),
(350, 'P000350', 'V BELT B 56', 1, '', 0, 2, NULL, NULL),
(351, 'P000351', 'V BELT B 54', 1, '', 0, 0, NULL, NULL),
(352, 'P000352', 'V BELT BIO OIL', 1, '', 0, 5, NULL, NULL),
(353, 'P000353', 'V BELT B 55', 1, '', 0, 15, NULL, NULL),
(354, 'P000354', 'V BELT B 64', 1, '', 0, 0, NULL, NULL),
(355, 'P000355', 'V BELT C 85', 1, '', 0, 0, NULL, NULL),
(356, 'P000356', 'V BELT C 79', 1, '', 0, 2, NULL, NULL),
(357, 'P000357', 'V BELT C 72', 1, '', 0, 1, NULL, NULL),
(358, 'P000358', 'V BELT B 120', 1, '', 0, 1, NULL, NULL),
(359, 'P000359', 'V BELT A 80', 1, '', 0, 2, NULL, NULL),
(360, 'P000360', 'V BELT FM 35', 1, '', 0, 0, NULL, NULL),
(361, 'P000361', 'V BELT C 57', 1, '', 0, 1, NULL, NULL),
(362, 'P000362', 'V BELT B 54', 1, '', 0, 0, NULL, NULL),
(363, 'P000363', 'V BELT C 40', 1, '', 0, 1, NULL, NULL),
(364, 'P000364', 'V BELT GERIGI 7720 22X1795 L1', 1, '', 0, 0, NULL, NULL),
(365, 'P000365', 'V BELT B 42 MD 050180', 1, '', 0, 0, NULL, NULL),
(366, 'P000366', 'V BELT GERIGI A 56 ', 1, '', 0, 0, NULL, NULL),
(367, 'P000367', 'V BELT B 42 ', 1, '', 0, 0, NULL, NULL),
(368, 'P000368', 'V BELT A 24 PS 120', 1, '', 0, 1, NULL, NULL),
(369, 'P000369', 'V BELT RECMF 8420', 1, '', 0, 0, NULL, NULL),
(370, 'P000370', 'MTS 8PK 1425 R34-7 EXC SMS210', 1, '', 0, 0, NULL, NULL),
(371, 'P000371', 'V KANGYUE BELT 8PK1473 PC200', 1, '', 0, 0, NULL, NULL),
(372, 'P000372', 'BAN DALAM R 20 X 825', 1, '', 0, 4, NULL, NULL),
(373, 'P000373', 'AIR ACCU', 1, '', 0, -3, NULL, '2022-11-09 22:50:35'),
(374, 'P000374', 'SLIWER R 16', 1, '', 0, 6, NULL, NULL),
(375, 'P000375', 'AIR ACCU ZUUR', 1, '', 0, 0, NULL, NULL),
(376, 'P000376', 'BAN DALAM KINGLAND 750 TAF', 1, '', 0, 0, NULL, NULL),
(377, 'P000377', 'KEND KNALPOT', 1, '', 0, 0, NULL, NULL),
(378, 'P000378', 'EXH PIPE/GULU BANYAK HINO', 1, '', 0, 1, NULL, NULL),
(379, 'P000379', 'VET ROTARI', 1, '', 0, 2, NULL, NULL),
(380, 'P000380', 'PELEG L300', 1, '', 0, 0, NULL, NULL),
(381, 'P000381', 'TROMOL+HAP RODA PS120', 1, '', 0, 0, NULL, NULL),
(382, 'P000382', 'TOPI PELEK LOB 5 PS 120', 1, '', 0, 6, NULL, NULL),
(383, 'P000383', 'TROMOL TAFF', 1, '', 0, 1, NULL, NULL),
(384, 'P000384', 'V BELT A 56', 1, '', 0, 1, NULL, NULL),
(385, 'P000385', 'BAN DALAM R 16 GP', 1, '', 0, 0, NULL, NULL),
(386, 'P000386', 'BAN DALAM R 20 GP', 1, '', 0, 3, NULL, NULL),
(387, 'P000387', 'TERPAL 4 X 3 MT KAIN JEPANG', 1, '', 0, -3, NULL, '2022-11-08 19:42:03'),
(388, 'P000388', 'TERPAL 4 X 6 MTR KAIN JEPANG', 1, '', 0, 2, NULL, NULL),
(389, 'P000389', 'PIR KONDE HINO', 1, '', 0, 1, NULL, NULL),
(390, 'P000390', 'PISAU MOTOR GREDER', 1, '', 0, 2, NULL, NULL),
(391, 'P000391', 'AS RODA PS 120', 1, '', 0, 7, NULL, NULL),
(392, 'P000392', 'PIR PS 120', 1, '', 0, 0, NULL, NULL),
(393, 'P000393', 'POLIBEST/PB ZNCHROM M6450', 1, '', 0, 0, NULL, NULL),
(394, 'P000394', 'BEARING 32218 JR HINO', 1, '', 0, 10, NULL, NULL),
(395, 'P000395', 'BEARING 32217 JR HINO', 1, '', 0, 10, NULL, NULL),
(396, 'P000396', 'DISC CLT 31250-273011 HN 14\"', 1, '', 0, 0, NULL, NULL),
(397, 'P000397', 'MATA HARI HINO', 1, '', 0, 0, NULL, NULL),
(398, 'P000398', 'TOPI PELEG LOB 8 HINO', 1, '', 0, 0, NULL, NULL),
(399, 'P000399', 'CHAINS RANTAI 140 REV TR', 1, '', 0, 0, NULL, NULL),
(400, 'P000400', 'SEKOP BESI PANJANG', 1, '', 0, 0, NULL, NULL),
(401, 'P000401', 'SEKOP KAYU PANJANG', 1, '', 0, 0, NULL, NULL),
(402, 'P000402', 'PEDAL TIPE AMP', 1, '', 0, 0, NULL, NULL),
(403, 'P000403', 'LINER BESAR', 1, '', 0, 0, NULL, NULL),
(404, 'P000404', 'LINER KECIL', 1, '', 0, 0, NULL, NULL),
(405, 'P000405', 'LINER DOUBLE ROLL CLS KLTG', 1, '', 0, 2, NULL, NULL),
(406, 'P000406', 'TOGLE SHIT', 1, '', 0, 0, NULL, NULL),
(407, 'P000407', 'RANTAI 140REV 2 SENQCIA', 1, '', 0, 1, NULL, NULL),
(408, 'P000408', 'RANTAI 80REV 1 HI-TECH', 1, '', 0, 3, NULL, NULL),
(409, 'P000409', 'RANTAI 60 REV 1', 1, '', 0, 0, NULL, NULL),
(410, 'P000410', 'RANTAI 160 REV 1', 1, '', 0, 0, NULL, NULL),
(411, 'P000411', 'BAUT 7/8 X 3', 1, '', 0, 0, NULL, NULL),
(412, 'P000412', 'BAUT PERSENG TST170LNR AMP', 1, '', 0, 22, NULL, NULL),
(413, 'P000413', 'BAUT TRACK DOZER D3C', 1, '', 0, 0, NULL, NULL),
(414, 'P000414', 'MUR 1 1/4 CLSH BUGEL', 1, '', 0, 0, NULL, NULL),
(415, 'P000415', 'MUR 1 1/2 CLSH BUGEL', 1, '', 0, 0, NULL, NULL),
(416, 'P000416', 'UCP 311 J AMP BUGEL', 1, '', 0, 3, NULL, NULL),
(417, 'P000417', 'UKP 217 AMP BUGEL', 1, '', 0, 0, NULL, NULL),
(418, 'P000418', 'UCP 310 J AMP BUGEL', 1, '', 0, 3, NULL, NULL),
(419, 'P000419', 'BEARING 22324CC/W33 CLS BGL', 1, '', 0, 2, NULL, NULL),
(420, 'P000420', 'BEARING 22226E1-K CLSH BGL', 1, '', 0, 3, NULL, NULL),
(421, 'P000421', 'BEARING 23222-E1 A ', 1, '', 0, 0, NULL, NULL),
(422, 'P000422', 'BEARING 23222-E1 AM CLS BGL', 1, '', 0, 2, NULL, NULL),
(423, 'P000423', 'BEARING 21319-E1TVPB CLS KLT', 1, '', 0, 4, NULL, NULL),
(424, 'P000424', 'BEARING 30218A TANDEM JINL', 1, '', 0, 0, NULL, NULL),
(425, 'P000425', 'BEARING 6217-ZZ CLSH BUGEL', 1, '', 0, 0, NULL, NULL),
(426, 'P000426', 'SHOK DRAT HE 315', 1, '', 0, 0, NULL, NULL),
(427, 'P000427', 'BEARING 22215 CAK(C3W33)', 1, '', 0, 1, NULL, NULL),
(428, 'P000428', 'BEARING 6308 CLS KLONTONG', 1, '', 0, 8, NULL, NULL),
(429, 'P000429', 'UCT 207-20 CLS KLONTONG', 1, '', 0, 0, NULL, NULL),
(430, 'P000430', 'UCT 207 CLS KLONTONG', 1, '', 0, 0, NULL, NULL),
(431, 'P000431', 'MOTOR REDUSER 120 L=20', 1, '', 0, 0, NULL, NULL),
(432, 'P000432', 'MOTOR REDUSER 80 L=20', 1, '', 0, 0, NULL, NULL),
(433, 'P000433', 'HOME SEACLE CD 800A GST BGL', 1, '', 0, 0, NULL, NULL),
(434, 'P000434', 'DINAMO STATER MTR GREDER', 1, '', 0, 0, NULL, NULL),
(435, 'P000435', 'POMPA CONE CLS BUGEL', 1, '', 0, 0, NULL, NULL),
(436, 'P000436', 'BEGEL U', 1, '', 0, 0, NULL, NULL),
(437, 'P000437', 'UCP 212-3G', 1, '', 0, 5, NULL, NULL),
(438, 'P000438', 'UCP 211 J', 1, '', 0, 3, NULL, NULL),
(439, 'P000439', 'UCP 210', 1, '', 0, 1, NULL, NULL),
(440, 'P000440', 'UCP 213', 1, '', 0, 1, NULL, NULL),
(441, 'P000441', 'UCP 210 ', 1, '', 0, 2, NULL, NULL),
(442, 'P000442', 'UCP 207 ', 1, '', 0, 0, NULL, NULL),
(443, 'P000443', 'UCP 207 TANPA BERING', 1, '', 0, 0, NULL, NULL),
(444, 'P000444', 'FL 207 TANPA BERING', 1, '', 0, 1, NULL, NULL),
(445, 'P000445', 'FL 208 TANPA BERING', 1, '', 0, 2, NULL, NULL),
(446, 'P000446', 'F 213 ', 1, '', 0, 1, NULL, NULL),
(447, 'P000447', 'GAGANG SPION LH+RH', 1, '', 0, 0, NULL, NULL),
(448, 'P000448', 'UC 213-40', 1, '', 0, 3, NULL, NULL),
(449, 'P000449', 'UC 311', 1, '', 0, 11, NULL, NULL),
(450, 'P000450', 'UC 214', 1, '', 0, 8, NULL, NULL),
(451, 'P000451', 'UC 311', 1, '', 0, 0, NULL, NULL),
(452, 'P000452', 'UC 212', 1, '', 0, 5, NULL, NULL),
(453, 'P000453', 'UC 211', 1, '', 0, 7, NULL, NULL),
(454, 'P000454', 'BEARING NU 2316E TV P2-C3', 1, '', 0, 2, NULL, NULL),
(455, 'P000455', 'BEARING 22316 E 1K', 1, '', 0, 2, NULL, NULL),
(456, 'P000456', 'BEARING 22216', 1, '', 0, 1, NULL, NULL),
(457, 'P000457', 'BEARING 22217', 1, '', 0, 1, NULL, NULL),
(458, 'P000458', 'BEARING 22213', 1, '', 0, 3, NULL, NULL),
(459, 'P000459', 'BEARING 22314', 1, '', 0, 1, NULL, NULL),
(460, 'P000460', 'BEARING 22313', 1, '', 0, 2, NULL, NULL),
(461, 'P000461', 'BEARING 7218 B TUP NA', 1, '', 0, 1, NULL, NULL),
(462, 'P000462', 'BEARING 1217K TV CS ', 1, '', 0, 2, NULL, NULL),
(463, 'P000463', 'BEARING 30211-1', 1, '', 0, 0, NULL, NULL),
(464, 'P000464', 'BEARING 6309-2 RS 1', 1, '', 0, 1, NULL, NULL),
(465, 'P000465', 'BEARING 6308-2 RS', 1, '', 0, 0, NULL, NULL),
(466, 'P000466', 'BEARING 6012-2 Z/C3', 1, '', 0, 1, NULL, NULL),
(467, 'P000467', 'SEAL TC 130-160-13', 1, '', 0, 0, NULL, NULL),
(468, 'P000468', 'BEARING 22308', 1, '', 0, 1, NULL, NULL),
(469, 'P000469', 'ADAPTER SLEEVE H2316', 1, '', 0, 1, NULL, NULL),
(470, 'P000470', 'BEARING 2308 MG', 1, '', 0, 4, NULL, NULL),
(471, 'P000471', 'UC 207 -20', 1, '', 0, 0, NULL, NULL),
(472, 'P000472', 'UC 210', 1, '', 0, 5, NULL, NULL),
(473, 'P000473', 'ADAPTER SLEEVE KM18', 1, '', 0, 0, NULL, NULL),
(474, 'P000474', 'ADAPTER SLEEVE HE 215', 1, '', 0, 1, NULL, NULL),
(475, 'P000475', 'VIT KRAN 3\" AMP BUGEL', 1, '', 0, 0, NULL, NULL),
(476, 'P000476', 'SEAL TC 90-120-13', 1, '', 0, 4, NULL, NULL),
(477, 'P000477', 'SEAL TC 90-110-13', 1, '', 0, 0, NULL, NULL),
(478, 'P000478', 'SEAL TC 80-105-13', 1, '', 0, 0, NULL, NULL),
(479, 'P000479', 'SEAL TC 100-130-13', 1, '', 0, 2, NULL, NULL),
(480, 'P000480', 'SEAL TC 55-80-12', 1, '', 0, 0, NULL, NULL),
(481, 'P000481', 'SEAL TC 70-100-13', 1, '', 0, 0, NULL, NULL),
(482, 'P000482', 'PULY 10A1', 1, '', 0, 0, NULL, NULL),
(483, 'P000483', 'SNV 230+SLEVE', 1, '', 0, 2, NULL, NULL),
(484, 'P000484', 'CAT BEE BRAND 1000 SILVER115', 1, '', 0, 0, NULL, NULL),
(485, 'P000485', 'TOP COLOR DANAPAINT RD6242', 1, '', 0, 0, NULL, NULL),
(486, 'P000486', 'CAT EMCO COKLAT', 1, '', 0, 1, NULL, NULL),
(487, 'P000487', 'MENI ZINC CHROMATE PRIMER', 1, '', 0, 0, NULL, NULL),
(488, 'P000488', 'THINER SUPER QUALITY', 1, '', 0, 0, NULL, NULL),
(489, 'P000489', 'OVER LOD 30-40A LRD340-BA', 1, '', 0, 0, NULL, NULL),
(490, 'P000490', 'PULI 20\"', 1, '', 0, 1, NULL, NULL),
(491, 'P000491', 'SPROKET RS 140 DOUBLE', 1, '', 0, 1, NULL, NULL),
(492, 'P000492', 'SPROKET RS 140 B20', 1, '', 0, 2, NULL, NULL),
(493, 'P000493', 'PULI 6\"', 1, '', 0, 1, NULL, NULL),
(494, 'P000494', 'PULI 10\" B', 1, '', 0, 0, NULL, NULL),
(495, 'P000495', 'SPROKET RS 100 B20', 1, '', 0, 0, NULL, NULL),
(496, 'P000496', 'SPROKET 60Z 20', 1, '', 0, 0, NULL, NULL),
(497, 'P000497', 'SPROKET 60Z 23', 1, '', 0, 0, NULL, NULL),
(498, 'P000498', 'SPROKET 120 T 12', 1, '', 0, 1, NULL, NULL),
(499, 'P000499', 'SPROKET 80 B 20', 1, '', 0, 0, NULL, NULL),
(500, 'P000500', 'SPROKET 120 T 20', 1, '', 0, 0, NULL, NULL),
(501, 'P000501', 'PULI 5\"', 1, '', 0, 1, NULL, NULL),
(502, 'P000502', 'SPROKET 60 Z 16', 1, '', 0, 2, NULL, NULL),
(503, 'P000503', 'F SOLAR FK 1329 EXC 320-3', 1, '', 0, 0, NULL, NULL),
(504, 'P000504', 'F HYD BT 427 EXC 320-3', 1, '', 0, 0, NULL, NULL),
(505, 'P000505', 'F SOLAR BF 988', 1, '', 0, 3, NULL, NULL),
(506, 'P000506', 'F SOLAR F 185', 1, '', 0, 4, NULL, NULL),
(507, 'P000507', 'F SOLAR 55-3004/J86-20731 EXC PC200+LDWA200-5', 1, '', 0, 0, NULL, NULL),
(508, 'P000508', 'SPROKET 80 B18', 1, '', 0, 0, NULL, NULL),
(509, 'P000509', 'SPROKET 60 Z 36', 1, '', 0, 0, NULL, NULL),
(510, 'P000510', 'SPROKET 140-10', 1, '', 0, 0, NULL, NULL),
(511, 'P000511', 'KAWAT LAS 760', 1, '', 0, 0, NULL, NULL),
(512, 'P000512', 'RANTAI RS 60 RIV 2', 1, '', 0, 1, NULL, NULL),
(513, 'P000513', 'BEARING 22322 E1/C3', 1, '', 0, 0, NULL, NULL),
(514, 'P000514', 'OLIE MEDITRAN SAE 40', 1, '', 0, 147, NULL, '2022-11-16 22:20:55'),
(515, 'P000515', 'OLIE MEDITRAN SAE 10W', 1, '', 0, 42, NULL, '2022-11-10 23:35:04'),
(516, 'P000516', 'OLIE RORED 90 EPA', 1, '', 0, 50, NULL, '2022-11-08 22:30:24'),
(517, 'P000517', 'OLIE RORED 140 EPA', 1, '', 0, 151, NULL, NULL),
(518, 'P000518', 'OLIE DELTALUBE 757', 1, '', 0, 0, NULL, NULL),
(519, 'P000519', 'OLIE TAB/BEKAS', 1, '', 0, 0, NULL, NULL),
(520, 'P000520', 'BAN ORISINIL 1000X20 GT', 1, '', 0, 2, NULL, NULL),
(521, 'P000521', 'BAN ORISINIL 750X16 GT', 1, '', 0, 0, NULL, NULL),
(522, 'P000522', 'BAN VULKANISIR 1000X20', 1, '', 0, 0, NULL, NULL),
(523, 'P000523', 'BAN VULKANISIR 750X16', 1, '', 0, 0, NULL, NULL),
(524, 'P000524', 'BAN VULKANISIR 825X20', 1, '', 0, 0, NULL, NULL),
(525, 'P000525', 'BAN VULKANISIR 700X14', 1, '', 0, 0, NULL, NULL),
(526, 'P000526', 'CARTRIDGE 600-319-3610', 1, '', 0, 0, NULL, NULL),
(527, 'P000527', 'CARTRIDGE 600-319-3750', 1, '', 0, 0, NULL, NULL),
(528, 'P000528', 'LI FILTER 6736-51-5142', 1, '', 0, 0, NULL, NULL),
(529, 'P000529', 'ADAPTER PC 200 UTP-20Y701452', 1, '', 0, 0, NULL, NULL),
(530, 'P000530', 'TOOTH STD PC200 UTP-2057019', 1, '', 0, 11, NULL, NULL),
(531, 'P000531', 'PIN PC200 UTP-0824402496', 1, '', 0, 0, NULL, NULL),
(532, 'P000532', 'F SOLAR KERTAS PARKER 2040T/P552040', 1, '', 0, 5, NULL, NULL),
(533, 'P000533', 'AIR FILTER ELEMEN 600-1354100/EXC PC200-8', 1, '', 0, 0, NULL, NULL),
(534, 'P000534', 'OLI POWER TRAIN T10/10W', 1, '', 0, 0, NULL, NULL),
(535, 'P000535', 'OLIE DIESEL ENGINE E30/SAE 30CF', 1, '', 0, 0, NULL, NULL),
(536, 'P000536', 'OLIE TURALIKS C68', 1, '', 0, 209, NULL, NULL),
(537, 'P000537', 'WETRIX BE UN 3082', 1, '', 0, 0, NULL, NULL),
(538, 'P000538', 'THERMIA B', 1, '', 0, 7, NULL, NULL),
(539, 'P000539', 'COMCAVE PYS-900', 1, '', 0, 2, NULL, NULL),
(540, 'P000540', 'BAN BKT 14.00-24NHS MOTOR GREDER', 1, '', 0, 0, NULL, NULL),
(541, 'P000541', 'BAN TR BKT/BRIGESTONE 900X20 ', 1, '', 0, 20, NULL, NULL),
(542, 'P000542', 'ROLLER 201-30-00050 EXCAVATOR SAMSUNG', 1, '', 0, 2, NULL, NULL),
(543, 'P000543', 'TOP ROLLER 1030-50030 EXCAVATOR SAMSUNG', 1, '', 0, 2, NULL, NULL),
(544, 'P000544', 'HIDLER J58KMS EXCAVATOR SAMSUNG', 1, '', 0, 1, NULL, NULL),
(545, 'P000545', 'LINK DOZER', 1, '', 0, 1, NULL, NULL),
(546, 'P000546', 'ROLL CONVEYOR UK=25 CM', 1, '', 0, 0, NULL, NULL),
(547, 'P000547', 'ROLL CONVEYOR UK=20 CM', 1, '', 0, 0, NULL, NULL),
(548, 'P000548', 'ROLL CONVEYOR UK=60 CM', 1, '', 0, 0, NULL, NULL),
(549, 'P000549', 'ROLL CONVEYOR UK=30 CM', 1, '', 0, 0, NULL, NULL),
(550, 'P000550', 'ROLL CONVEYOR UK=40 CM', 1, '', 0, 0, NULL, NULL),
(551, 'P000551', 'ROLL CONVEYOR UK=50 CM', 1, '', 0, 0, NULL, NULL),
(552, 'P000552', 'ROLL CONVEYOR UK=1 MTR', 1, '', 0, 0, NULL, NULL),
(553, 'P000553', 'SLIWER UK=R.20', 1, '', 0, 0, NULL, NULL),
(554, 'P000554', 'TAMBANG PLASTIK 16MM 40 MTR', 1, '', 0, 0, NULL, NULL),
(555, 'P000555', 'BALL VALVE ONDA O 2\"', 1, '', 0, 0, NULL, NULL),
(556, 'P000556', 'BALL VALVE ONDA O 1 1/2\"', 1, '', 0, 0, NULL, NULL),
(557, 'P000557', 'WALL FAN MSP 41 K', 1, '', 0, 0, NULL, NULL),
(558, 'P000558', 'SEAL TC 85-110-13', 1, '', 0, 1, NULL, NULL),
(559, 'P000559', 'SELANG POMPA STEMPET', 1, '', 0, 0, NULL, NULL),
(560, 'P000560', 'OLIE REM JUMBO', 1, '', 0, 0, NULL, NULL),
(561, 'P000561', 'BEARING 22308K SKF DMT 90mm', 1, '', 0, 0, NULL, NULL),
(562, 'P000562', 'BEARING 30217 SKF ', 1, '', 0, 0, NULL, NULL),
(563, 'P000563', 'VAN BELT B 97', 1, '', 0, 1, NULL, NULL),
(564, 'P000564', 'VAN BELT C 105', 1, '', 0, 4, NULL, NULL),
(565, 'P000565', 'IDLER DOZER KOMATSU D21P-3', 1, '', 0, 0, NULL, NULL),
(566, 'P000566', 'TERPAL 4 X 7 MTR KAIN JEPANG', 1, '', 0, 4, NULL, NULL),
(567, 'P000567', 'FOG LAMP H-615', 1, '', 0, 0, NULL, NULL),
(568, 'P000568', 'SPROKET RS 50 Z 16', 1, '', 0, 2, NULL, NULL),
(569, 'P000569', 'FUEL FILTER/WATER SEPARATOR R90', 1, '', 0, 0, NULL, NULL),
(570, 'P000570', 'FUEL/WATER SEPARATOR 26550005/VIBRO', 1, '', 0, 0, NULL, NULL),
(571, 'P000571', 'FILTER OLI 2654407(PERKIN)/VIBRO', 1, '', 0, 0, NULL, NULL),
(572, 'P000572', 'FUEL FILTER FK1332 TANDEM SAKAI PARNO', 1, '', 0, 0, NULL, NULL),
(573, 'P000573', 'OLI FILTER FL3853 TANDEM SAKAI PARNO', 1, '', 0, 1, NULL, NULL),
(574, 'P000574', 'FUEL FILTER P552564/PN AF355 KRAIN KATO', 1, '', 0, 0, NULL, NULL),
(575, 'P000575', 'FF 42000 GENSET CUMMIN BARU', 1, '', 0, 2, NULL, NULL),
(576, 'P000576', 'FILTER HYD SCREEN FS1311/PN1041-001200(EXC SAMSUNG 210-1)', 1, '', 0, 3, NULL, NULL),
(577, 'P000577', 'BT 339 LOUDER WA200-5', 1, '', 0, 0, NULL, NULL),
(578, 'P000578', 'FILTER OLI P554004/IR0739(EXC CAT 320-D)', 1, '', 0, 3, NULL, NULL),
(579, 'P000579', 'FILTER SOLAR P-551314', 1, '', 0, 9, NULL, NULL),
(580, 'P000580', 'FILTER HYD BT 305/0037521(EXC CAT 320-D)', 1, '', 0, 1, NULL, NULL),
(581, 'P000581', 'FILTER HYD FH 8670(EXC CAT 320-D)', 1, '', 0, 1, NULL, NULL),
(582, 'P000582', 'FILTER OLI IR-0739(EXC CAT 320-D)', 1, '', 0, 0, NULL, NULL),
(583, 'P000583', 'FUEL/WATER SEPARATOR 326-1634(EXC CAT 320-D)', 1, '', 0, 0, NULL, NULL),
(584, 'P000584', 'FILTER HYD FH0834(DOZER CAT D3C)', 1, '', 0, 1, NULL, NULL),
(585, 'P000585', 'FILTER HYD SCREEN FN9130(DOZER CAT D3C)', 1, '', 0, 1, NULL, NULL),
(586, 'P000586', 'FILTER (G) HYD ASSY 289-8194 (EXC CAT 320-D)', 1, '', 0, 0, NULL, NULL),
(587, 'P000587', 'FILTER UDARA P-536457 EXC CAT 320-3', 1, '', 0, 1, NULL, NULL),
(588, 'P000588', 'FILTER HYD SCREEN 289-6000 (EXC CAT 320-D)', 1, '', 0, 1, NULL, NULL),
(589, 'P000589', 'FILTER HYD 179-9806 PH (EXC CAT 320-D)', 1, '', 0, 2, NULL, NULL),
(590, 'P000590', 'FILTER SOLAR 5-13240023-0 (EXC KOMATSU PC75UU)', 1, '', 0, 2, NULL, NULL),
(591, 'P000591', 'FILTER OLI 90915-TB001(EXC KOMATSU PC-75 UU)', 1, '', 0, 5, NULL, NULL),
(592, 'P000592', 'FILTER UDARA J85-8300-1 (EXC KOMATSU PC-75 UU)', 1, '', 0, 4, NULL, NULL),
(593, 'P000593', 'FILTER UDARA FA4044 OUTER FA-6697+INER FA-1137', 1, '', 0, 0, NULL, NULL),
(594, 'P000594', 'BEARING 30310 HINO RODA DPN', 1, '', 0, 0, NULL, NULL),
(595, 'P000595', 'BEARING 30313 HINO RODA DPN', 1, '', 0, 3, NULL, NULL),
(596, 'P000596', 'BEARING 32215 JRYA', 1, '', 0, 3, NULL, NULL),
(597, 'P000597', 'OLI TAB/BEKAS (EX TAB ANGKUTAN)', 1, '', 0, 0, NULL, NULL),
(598, 'P000598', 'WHEEL CYLINDER 1 1/8 (R+L)PS120', 1, '', 0, 0, NULL, NULL),
(599, 'P000599', 'WHEEL CYLINDER 1 3/8 TRN HN', 1, '', 0, 6, NULL, NULL),
(600, 'P000600', 'WHEEL CYLINDER 1 1/2 TRN HN', 1, '', 0, 2, NULL, NULL),
(601, 'P000601', 'WHEEL CYLINDER 1 5/8 TRN HINO', 1, '', 0, 0, NULL, NULL),
(602, 'P000602', 'WHEEL CYLINDER 55-56 BLKG TRN MTS', 1, '', 0, 0, NULL, NULL),
(603, 'P000603', 'WHEEL CYLINDER 50,8 DPN TRN MTS', 1, '', 0, 3, NULL, NULL),
(604, 'P000604', 'MSTER KOPLG ATAS CD MB165130 PS120', 1, '', 0, 0, NULL, NULL),
(605, 'P000605', 'MSTER KOPLG ATS HN (31420-1410) TRN HN', 1, '', 0, 0, NULL, NULL),
(606, 'P000606', 'MSTER KOPLG ATS FS ME625257 TRN MTS', 1, '', 0, 0, NULL, NULL),
(607, 'P000607', 'BSTR KOPLG BWH DH 90 22,2 TRN HN', 1, '', 0, 2, NULL, NULL),
(608, 'P000608', 'BSTR KOPLG BWH DH 70 22,2 ENG HN', 1, '', 0, 0, NULL, NULL),
(609, 'P000609', 'R/K FOOT BRAKE 9364-0002 TRN HN', 1, '', 0, 1, NULL, NULL),
(610, 'P000610', 'R/K AIR MASTER + BRAKE VALE 9364-0001 TRN HN', 1, '', 0, 0, NULL, NULL),
(611, 'P000611', 'R/K AIR MASTER 9323-3513 TRN HN', 1, '', 0, 0, NULL, NULL),
(612, 'P000612', 'R/K FOOT BRAKE HN 44069-3590 TRN HN', 1, '', 0, 0, NULL, NULL),
(613, 'P000613', 'R/K AIR MASTER MTS 9323-3633 TRN MTS', 1, '', 0, 1, NULL, NULL),
(614, 'P000614', 'BERING 32207 NTN PS120 RD DPN LUAR', 1, '', 0, 0, NULL, NULL),
(615, 'P000615', 'BERING KOYO 32312 J PS125 RD DPN DLM', 1, '', 0, 5, NULL, NULL),
(616, 'P000616', 'BERING ET-CR-1364 MTS ITEN RD DPN DLM', 1, '', 0, 4, NULL, NULL),
(617, 'P000617', 'BERING KOYO 32309 MTS ITEN RD DPN LUAR', 1, '', 0, 8, NULL, NULL),
(618, 'P000618', 'DREG LAKKER ASSY 58TKA 3703 PS120', 1, '', 0, 0, NULL, NULL),
(619, 'P000619', 'DREG LAKKER KOYO CT-70B ENG+TRN HN', 1, '', 0, 0, NULL, NULL),
(620, 'P000620', 'BEARING RD DPN ET.CR.1373', 1, '', 0, 0, NULL, NULL),
(621, 'P000621', 'WHEEL CYLINDER 1 1/4 PS120', 1, '', 0, 0, NULL, NULL),
(622, 'P000622', 'WHEEL CYLINDER 1 1/4\" PS 125', 1, '', 0, 0, NULL, NULL),
(623, 'P000623', 'OLI MESIN ISUZU', 1, '', 0, 0, NULL, NULL),
(624, 'P000624', 'PARKING BRAKE CABLE 46402-3450 L', 1, '', 0, 0, NULL, NULL),
(625, 'P000625', 'BAN LUAR 20,5 R25 BRIDGESTONE', 1, '', 0, 0, NULL, NULL),
(626, 'P000626', 'BAN LUAR 11R 22,5 L 317 BRIDGESTONE 16 PR', 1, '', 0, 0, NULL, NULL),
(627, 'P000627', 'ACCU GS N 70 A', 1, '', 0, 0, NULL, NULL),
(628, 'P000628', 'ACCU GS N 50 Z', 1, '', 0, -3, NULL, '2022-11-10 22:34:33'),
(629, 'P000629', 'ACCU GS 100 A', 1, '', 0, 0, NULL, NULL),
(630, 'P000630', 'RADIATOR ASSY', 1, '', 0, 1, NULL, NULL),
(631, 'P000631', 'OLI AXXUS', 1, '', 0, 0, NULL, NULL),
(632, 'P000632', 'AXSON GREASE B-977-XHD', 1, '', 0, 0, NULL, NULL),
(633, 'P000633', 'BAN LUAR 165 R13', 1, '', 0, 0, NULL, NULL),
(634, 'P000634', 'BAN LUAR 185 14BPR LTR 80', 1, '', 0, 6, NULL, NULL),
(635, 'P000635', 'HOLDER 241-45-59/ADAPTER COLD MILLING', 1, '', 0, 58, NULL, NULL),
(636, 'P000636', 'BIT AS CUTTE 222-7570/KUKU COLD MILLING', 1, '', 0, 16, NULL, NULL),
(637, 'P000637', 'BAN ORISINIL 825X20', 1, '', 0, 0, NULL, NULL),
(638, 'P000638', 'ROLL CONVEYOR UK=55 CM', 1, '', 0, 0, NULL, NULL),
(639, 'P000639', 'PELEX LOBANG 5 COLT DIESEL', 1, '', 0, 10, NULL, NULL),
(640, 'P000640', 'KAWAT LAS GOLD 631 3,2MM', 1, '', 0, 245, NULL, NULL),
(641, 'P000641', 'FILTER UDARA RS-3542 FNSR SMTM', 1, '', 0, 0, NULL, NULL),
(642, 'P000642', 'FILTER UDARA 17801-4240 FNSR NF63C', 1, '', 0, 0, NULL, NULL),
(643, 'P000643', 'MOTOR REDUSER 100 L 20', 1, '', 0, 0, NULL, NULL),
(644, 'P000644', 'BEARING 22240 E1', 1, '', 0, 1, NULL, NULL),
(645, 'P000645', 'TERPAL 4X6 MTR PLASTIK', 1, '', 0, 1, NULL, NULL),
(646, 'P000646', 'TERPAL 3X4 MTR PLASTIK', 1, '', 0, 0, NULL, NULL),
(647, 'P000647', 'ACCU GS N 120 A', 1, '', 0, 0, NULL, NULL),
(648, 'P000648', 'MANTEL MERK PENGUIN', 1, '', 0, 0, NULL, NULL),
(649, 'P000649', 'VAN BELT D.250', 1, '', 0, 5, NULL, NULL),
(650, 'P000650', 'VAN BELT B.124', 1, '', 0, 8, NULL, NULL),
(651, 'P000651', 'KAMPAS REM BLK SG.1020 HN LOHAN', 1, '', 0, 8, NULL, NULL),
(652, 'P000652', 'SEPATU TRACK FINISHER NIGATA', 1, '', 0, 27, NULL, NULL),
(653, 'P000653', 'VAN BELT B.58', 1, '', 0, 0, NULL, NULL),
(654, 'P000654', 'FILTER UDARA FA-9057 + FA-9051', 1, '', 0, 0, NULL, NULL),
(655, 'P000655', 'FILTER SOLAR ME-016823/FC1012', 1, '', 0, 0, NULL, NULL),
(656, 'P000656', 'ACCU GS N 150 A', 1, '', 0, 0, NULL, NULL),
(657, 'P000657', 'FILTER SOLAR ME-121653/FC-1012 CANTER', 1, '', 0, 0, NULL, NULL),
(658, 'P000658', 'KABEL HANDREM 46401-9520', 1, '', 0, 1, NULL, NULL),
(659, 'P000659', 'CHOKE CABLE 78405-3230', 1, '', 0, 1, NULL, NULL),
(660, 'P000660', 'WETRIX BXE', 1, '', 0, 1, NULL, NULL),
(661, 'P000661', 'PELEX LOB 6 R.16 CANTER', 1, '', 0, 0, NULL, NULL),
(662, 'P000662', 'ROLL CONVEYOR UK=45 CM', 1, '', 0, 3, NULL, NULL),
(663, 'P000663', 'ROLL CONVEYOR UK=65 CM', 1, '', 0, 0, NULL, NULL),
(664, 'P000664', 'ROLL CONVEYOR UK=85 CM', 1, '', 0, 0, NULL, NULL),
(665, 'P000665', 'ROLL CONVEYOR UK=80 CM', 1, '', 0, 0, NULL, NULL),
(666, 'P000666', 'ROLL CONVEYOR UK=90 CM', 1, '', 0, 0, NULL, NULL),
(667, 'P000667', 'UCT 212', 1, '', 0, 7, NULL, NULL),
(668, 'P000668', 'SHELL RIMULA RIMULA R2', 1, '', 0, 0, NULL, NULL),
(669, 'P000669', 'HELM PROYEK KUNIG', 1, '', 0, 0, NULL, NULL),
(670, 'P000670', 'TOOTH LANCIP 320C/320D-2', 1, '', 0, 0, NULL, NULL),
(671, 'P000671', 'PIN TOOTH 320C', 1, '', 0, 0, NULL, NULL),
(672, 'P000672', 'TOOTH FC210/R210', 1, '', 0, 0, NULL, NULL),
(673, 'P000673', 'PIN TOOTH 320C/EC210', 1, '', 0, 0, NULL, NULL),
(674, 'P000674', 'ADAPTER PC100 /CAT 306 1957224', 1, '', 0, 23, NULL, NULL),
(675, 'P000675', 'TOOTH PC100 / CAT 306 6Y8229', 1, '', 0, 0, NULL, NULL),
(676, 'P000676', 'WHEEL CYLINDER DPN 1 1/4 LH/RH PS120', 1, '', 0, 0, NULL, NULL),
(677, 'P000677', 'VAN BELT D.255', 1, '', 0, 2, NULL, NULL),
(678, 'P000678', 'VAN BELT C.79', 1, '', 0, 0, NULL, NULL),
(679, 'P000679', 'FUEL FILTER CUMMINS J-8619009/LF9009/FL0103', 1, '', 0, 7, NULL, NULL),
(680, 'P000680', 'FUEL FILTER J-8620000 GNST CUMIN', 1, '', 0, 0, NULL, NULL),
(681, 'P000681', 'FUEL/FILTER SEPARATOR SFR0770 COLD MILLING', 1, '', 0, 0, NULL, NULL),
(682, 'P000682', 'FUEL FILTER P550625/ST29783 COLD MILLING', 1, '', 0, 3, NULL, NULL),
(683, 'P000683', 'AS RODA BLKG LH/RH (103CM)', 1, '', 0, 0, NULL, NULL),
(684, 'P000684', 'KAMPAS REM ASTRA ISUZU 287870028-0', 1, '', 0, 18, NULL, NULL),
(685, 'P000685', 'BAN ORISINIL 900X20 GT', 1, '', 0, 0, NULL, NULL),
(686, 'P000686', 'VAN BELT B.74', 1, '', 0, 3, NULL, NULL),
(687, 'P000687', 'VAN BELT B.77', 1, '', 0, 0, NULL, NULL),
(688, 'P000688', 'VAN BELT 001-5645 (6400) EXC306', 1, '', 0, 4, NULL, NULL),
(689, 'P000689', 'OKSIGEN (O2)', 1, '', 0, 0, NULL, NULL),
(690, 'P000690', 'FILTER SOLAR FC-1008 MITS SELF LOADER', 1, '', 0, 23, NULL, NULL),
(691, 'P000691', 'TEET BUCKET 6Y-8229 TIP EXC CAT 306', 1, '', 0, 0, NULL, NULL),
(692, 'P000692', 'PIN GET 132-4762 EXC CAT 306', 1, '', 0, 0, NULL, NULL),
(693, 'P000693', 'KARET REM BLK 53,5 NISSAN', 1, '', 0, 0, NULL, NULL),
(694, 'P000694', 'KAMPAS REM BLK N44066-90072D NISSAN', 1, '', 0, 8, NULL, NULL),
(695, 'P000695', 'KAMPAS REM DPN N41039-90139 D NISSAN', 1, '', 0, 16, NULL, NULL),
(696, 'P000696', 'BAUT RODA L/KIRI BLK LOHAN', 1, '', 0, 0, NULL, NULL),
(697, 'P000697', 'BAUT RODA R/KANAN BLK FUSO EITEN', 1, '', 0, 9, NULL, NULL),
(698, 'P000698', 'BAUT RODA L/KIRI BLK FUSO EITEN', 1, '', 0, 0, NULL, NULL),
(699, 'P000699', 'FILTER SOLAR ATAS 16-97172549-A', 1, '', 0, 0, NULL, NULL),
(700, 'P000700', 'FILTER OIL PN 400405-00143 EXC DX63', 1, '', 0, 1, NULL, NULL),
(701, 'P000701', 'FUEL FILTER PN K9008367/ FC-52040 EXC DX63', 1, '', 0, 0, NULL, NULL),
(702, 'P000702', 'FILTER AIR OUTER PN 400401-00088 EXC DX63', 1, '', 0, 9, NULL, NULL),
(703, 'P000703', 'FILTER AIR INNER PN 400401-00087 EXC DX63', 1, '', 0, 3, NULL, NULL),
(704, 'P000704', 'FUEL FILTER PN 400403-00036 LDR SD300N', 1, '', 0, 9, NULL, NULL),
(705, 'P000705', 'ELEMENT SET PN 61000070005/400504-00005 LDR DOSAN', 1, '', 0, 7, NULL, NULL),
(706, 'P000706', 'FILTER AIR PN 400401-00136 LDR SD300N', 1, '', 0, 4, NULL, NULL),
(707, 'P000707', 'POINT TOOTH PN K1040464A LDR SD300N', 1, '', 0, 0, NULL, NULL),
(708, 'P000708', 'TOOTH PN K1040465A/K1040466A RH/LH LDR SD300N', 1, '', 0, 0, NULL, NULL),
(709, 'P000709', 'FILTER OLI C-1539/16-97309-927 ISUZU', 1, '', 0, 0, NULL, NULL),
(710, 'P000710', 'BRAKE DRUM NKR (18-9705-219-A', 1, '', 0, 10, NULL, NULL),
(711, 'P000711', 'ADJUSTABLE HAMMER ', 1, '', 0, 8, NULL, NULL),
(712, 'P000712', 'HIGH CRUSHING BAR', 1, '', 0, 0, NULL, NULL),
(713, 'P000713', 'IMPACK PLATE', 1, '', 0, 0, NULL, NULL),
(714, 'P000714', 'COACH BOLT', 1, '', 0, 250, NULL, NULL),
(715, 'P000715', 'T/L 23 ,1 .26 12 PR BKT TR.387 R-3', 1, '', 0, 0, NULL, NULL),
(716, 'P000716', 'FILTER OLI VOLVO P-553771', 1, '', 0, 10, NULL, NULL),
(717, 'P000717', 'FILTER SOLAR VOLVO J-8620799', 1, '', 0, 5, NULL, NULL),
(718, 'P000718', 'FILTER SEPARATOR VOLVO SFC-5302/J-8621160', 1, '', 0, 5, NULL, NULL),
(719, 'P000719', 'FILTER UDARA VOLVO 11110175', 1, '', 0, 9, NULL, NULL),
(720, 'P000720', 'ELEMEN FILTER 14509379', 1, '', 0, 0, NULL, NULL),
(721, 'P000721', 'BRAKE LINING DEPAN 47441-4890LN', 1, '', 0, 46, NULL, NULL),
(722, 'P000722', 'BRAKE LINING BLK 47441-1730LN', 1, '', 0, 45, NULL, NULL),
(723, 'P000723', 'KUKU BUCKET VOLVO E 210', 1, '', 0, 0, NULL, NULL),
(724, 'P000724', 'ADAPTER TEETH BUCKET VOLVO E 210', 1, '', 0, 15, NULL, NULL),
(725, 'P000725', 'PIN TEETH BUCKET VOLVO E-210', 1, '', 0, 0, NULL, NULL),
(726, 'P000726', 'VAN BELT B 107', 1, '', 0, 6, NULL, NULL),
(727, 'P000727', 'FILTER OLI PERKINS CH 10929', 1, '', 0, 0, NULL, NULL),
(728, 'P000728', 'FILTER SOLAR PERKINS CH 10930', 1, '', 0, 0, NULL, NULL),
(729, 'P000729', 'FILTER SOLAR PERKINS CH 10931', 1, '', 0, 0, NULL, NULL),
(730, 'P000730', 'GREASE BEARING KTB/TOP ONE', 1, '', 0, 0, NULL, NULL),
(731, 'P000731', 'BEARING FJ 42 4 FAG', 1, '', 0, 0, NULL, NULL),
(732, 'P000732', 'FILTER OLI 15613-LAA70 HINO DUTRO', 1, '', 0, 0, NULL, NULL),
(733, 'P000733', 'FILTER UDARA 17801-1131L/BHL 10-01131 HINO DUTRO', 1, '', 0, 0, NULL, NULL),
(734, 'P000734', 'KUKU BUCKET EXC CAT 320.D', 1, '', 0, 10, NULL, NULL);
INSERT INTO `barang` (`id_barang`, `kode_barang`, `nama_barang`, `id_kategori`, `merk`, `harga`, `stok`, `created_at`, `updated_at`) VALUES
(735, 'P000735', 'ADAPTER KUKU BUCKET EXC CAT 320.D', 1, '', 0, 8, NULL, '2022-10-21 17:31:05'),
(736, 'P000736', 'PIN KUKU BUCKET EXC CAT 320.D', 1, '', 0, 0, NULL, NULL),
(737, 'P000737', 'KUKU BUCKET EXC KUBOTA U50', 1, '', 0, 0, NULL, NULL),
(738, 'P000738', 'ADAPTOR KUKU BUCKET EXC KUBOTA U 50', 1, '', 0, 0, NULL, NULL),
(739, 'P000739', 'PIN BUCKET EXC KUBOTA U50', 1, '', 0, 0, NULL, NULL),
(740, 'P000740', ' OLI FILTER KUBOTA U 50 P-554403', 1, '', 0, 3, NULL, '2022-11-03 17:26:08'),
(741, 'P000741', 'FUEL FILTER KUBOTA U 50 P-550127', 1, '', 0, 1, NULL, NULL),
(742, 'P000742', 'FUEL FILTER (RD 431-02122)RETURN ', 1, '', 0, 0, NULL, NULL),
(743, 'P000743', 'GREASE SHELL S3 V220C2 ( GADUS)', 1, '', 0, 1, NULL, NULL),
(744, 'P000744', 'FILTER UDARA LH 11038 / SFA-8098P', 1, '', 0, 3, NULL, NULL),
(745, 'P000745', 'FILTER SOLAR J8620401 DONALSON', 1, '', 0, 0, NULL, NULL),
(746, 'P000746', 'FILTER OLI P551201 DONALSON', 1, '', 0, 1, NULL, NULL),
(747, 'P000747', 'FILTER SOLAR F1-8012 F HASS', 1, '', 0, 3, NULL, NULL),
(748, 'P000748', 'FILTER OLI 4700939082', 1, '', 0, 0, NULL, NULL),
(749, 'P000749', 'FILTER SOLAR 4700945624', 1, '', 0, 0, NULL, NULL),
(750, 'P000750', 'FUEL / WATER SEPARATOR FS 1280', 1, '', 0, 1, NULL, NULL),
(751, 'P000751', 'WIPER BLADE 20 \"', 1, '', 0, 0, NULL, NULL),
(752, 'P000752', 'WIPER BLADE 26 \"', 1, '', 0, 26, NULL, NULL),
(753, 'P000753', 'BEARING RODA HM 212049 USB (GANDENGAN)', 1, '', 0, 0, NULL, NULL),
(754, 'P000754', 'KAMPAS REM 2431090015 ( GANDENGAN)', 1, '', 0, 4, NULL, NULL),
(755, 'P000755', 'KAMPAS REM 143109008 ( GANDENGAN)', 1, '', 0, 0, NULL, NULL),
(756, 'P000756', 'BULB 12 V ENGKEL BESAR', 1, '', 0, 0, NULL, NULL),
(757, 'P000757', 'BULB 12 V DOUBLE BESAR', 1, '', 0, 10, NULL, NULL),
(758, 'P000758', 'BULB 12 V ENGKEL KECIL', 1, '', 0, 32, NULL, NULL),
(759, 'P000759', 'UCT 210 TANPA BEARING', 1, '', 0, 1, NULL, NULL),
(760, 'P000760', 'FILTER UDARA A 1325 / JAE-14011', 1, '', 0, 4, NULL, NULL),
(761, 'P000761', 'FILTER UDARA OUTER P 532966', 1, '', 0, 4, NULL, NULL),
(762, 'P000762', 'FILTER UDARA INNER P533781', 1, '', 0, 4, NULL, NULL),
(763, 'P000763', 'FILTER UDARA 4L-9853', 1, '', 0, 1, NULL, NULL),
(764, 'P000764', 'FILTER UDARA VOLVO INNER 11110176', 1, '', 0, 0, NULL, NULL),
(765, 'P000765', 'FILTER HYDROLIS 14509379', 1, '', 0, 0, NULL, NULL),
(766, 'P000766', 'BANTALAN KARET 49305-1110L', 1, '', 0, 9, NULL, NULL),
(767, 'P000767', 'SEPATU BOOT', 1, '', 0, 0, NULL, NULL),
(768, 'P000768', 'CAT BOTELAC SILVER 3,5 KG', 1, '', 0, 0, NULL, NULL),
(769, 'P000769', 'CAT TEMBOK MATEX CLEAR BLUE 5 KG', 1, '', 0, 6, NULL, NULL),
(770, 'P000770', 'THINER ND 5 LTR', 1, '', 0, 0, NULL, NULL),
(771, 'P000771', 'THINER ND 1 LTR', 1, '', 0, 1, NULL, NULL),
(772, 'P000772', 'CAT AVIAN 1 KG PUTIH', 1, '', 0, 0, NULL, NULL),
(773, 'P000773', 'CAT AVIAN 1 KG BIRU', 1, '', 0, 0, NULL, NULL),
(774, 'P000774', 'CAT AVIAN 1 KG KUNING 480', 1, '', 0, 0, NULL, NULL),
(775, 'P000775', 'CAT AVIAN 1 KG KUNING 470', 1, '', 0, 0, NULL, NULL),
(776, 'P000776', 'CAT AVIAN 1 KG HIJAU 660', 1, '', 0, 24, NULL, NULL),
(777, 'P000777', 'CAT AVIAN 1 KG HITAM', 1, '', 0, 0, NULL, NULL),
(778, 'P000778', 'CAT AVIAN 1 KG MERAH', 1, '', 0, 0, NULL, NULL),
(779, 'P000779', 'CAT EMCO PUTIH', 1, '', 0, 0, NULL, NULL),
(780, 'P000780', 'KUAS 2,5\'\'', 1, '', 0, 11, NULL, NULL),
(781, 'P000781', 'TAMBANG PLASTIK 3 MM', 1, '', 0, 0, NULL, NULL),
(782, 'P000782', 'FILTER SOLAR FK 4307', 1, '', 0, 2, NULL, NULL),
(783, 'P000783', 'FILTER SOLAR SFR 5654FW', 1, '', 0, 4, NULL, NULL),
(784, 'P000784', 'AIR MASTER 47250-Z0002', 1, '', 0, 0, NULL, NULL),
(785, 'P000785', 'GEAR OIL CAT SAE 80W-90', 1, '', 0, 1, NULL, NULL),
(786, 'P000786', 'OLI TRANSMISI CAT SAE50', 1, '', 0, 1, NULL, NULL),
(787, 'P000787', 'OLI TRANSMISI TOTAL SAE85W-90', 1, '', 0, 2, NULL, NULL),
(788, 'P000788', 'OLI DRATON DR 981', 1, '', 0, 0, NULL, NULL),
(789, 'P000789', 'POMPA AIR GENERAL WP 20 CX', 1, '', 0, 1, NULL, NULL),
(790, 'P000790', 'FILTER HIDROLIS DONALSON J8610230', 1, '', 0, 4, NULL, NULL),
(791, 'P000791', 'FILTER HIDROLIS SFH 1181', 1, '', 0, 2, NULL, NULL),
(792, 'P000792', 'FILTER UDARA P 828889', 1, '', 0, 1, NULL, NULL),
(793, 'P000793', 'BEARING  63062ZR', 1, '', 0, 0, NULL, NULL),
(794, 'P000794', 'BERING 6214 2RS', 1, '', 0, 0, NULL, NULL),
(795, 'P000795', 'UC 206', 1, '', 0, 1, NULL, NULL),
(796, 'P000796', 'UC 209', 1, '', 0, 0, NULL, NULL),
(797, 'P000797', 'RANTAI RS 120', 1, '', 0, 1, NULL, NULL),
(798, 'P000798', 'RANTAI RS 50-2', 1, '', 0, 1, NULL, NULL),
(799, 'P000799', 'ROTAK 12 V', 1, '', 0, 0, NULL, NULL),
(800, 'P000800', 'ROTAK 24 V', 1, '', 0, 0, NULL, NULL),
(801, 'P000801', 'FILTER HIDROLIS P 177047', 1, '', 0, 4, NULL, NULL),
(802, 'P000802', 'FILTER HIDROLIS P 551348', 1, '', 0, 2, NULL, NULL),
(803, 'P000803', 'FILTER SOLAR P553004', 1, '', 0, 3, NULL, NULL),
(804, 'P000804', 'FILTER OLI O 1012', 1, '', 0, 4, NULL, NULL),
(805, 'P000805', 'FILTER UDARA P 781039 OUTER DONALSON', 1, '', 0, 3, NULL, NULL),
(806, 'P000806', 'FILTER UDARA P 777639 INNER DONALSON', 1, '', 0, 3, NULL, NULL),
(807, 'P000807', 'FILTER UDARA OUTER SFA 9051P', 1, '', 0, 3, NULL, NULL),
(808, 'P000808', 'FILTER UDARA INNER SFA 9057S', 1, '', 0, 4, NULL, NULL),
(809, 'P000809', 'CONTROL VALVE 41480-1100', 1, '', 0, 1, NULL, NULL),
(810, 'P000810', 'FLASHER 81980-1360', 1, '', 0, 0, NULL, NULL),
(811, 'P000811', 'DENSO 071800-0321 ( SWITCH ASSY OIL P)', 1, '', 0, 1, NULL, NULL),
(812, 'P000812', 'SWITCH AUTO PARTS', 1, '', 0, 1, NULL, NULL),
(813, 'P000813', 'BATU GERINDA 100X6X16', 1, '', 0, 0, NULL, NULL),
(814, 'P000814', 'DONGKRAK 50 TON', 1, '', 0, 0, NULL, NULL),
(815, 'P000815', 'KABEL AKSELEROMETER 8710-0W052', 1, '', 0, 1, NULL, NULL),
(816, 'P000816', 'HAND BRAKE CABLE 46401-5191', 1, '', 0, 3, NULL, NULL),
(817, 'P000817', 'BRAKE KABLE MC419260', 1, '', 0, 1, NULL, NULL),
(818, 'P000818', 'KUKU ADAPTOR LOADER WA 350', 1, '', 0, 0, NULL, NULL),
(819, 'P000819', 'KUKU ADAPTOR LOADER WA 200-5', 1, '', 0, 0, NULL, NULL),
(820, 'P000820', 'WIPER BLADE 24\"', 1, '', 0, 4, NULL, NULL),
(821, 'P000821', 'BAN TW ( PAC MASTER ) 9,5/65-15', 1, '', 0, 4, NULL, NULL),
(822, 'P000822', 'V BELT B 53', 1, '', 0, 2, NULL, NULL),
(823, 'P000823', 'V BELT B 41', 1, '', 0, 1, NULL, NULL),
(824, 'P000824', 'LOW CRUSHING BAR', 1, '', 0, 0, NULL, NULL),
(825, 'P000825', 'KABEL ENGKEL 20 MTR', 1, '', 0, 0, NULL, NULL),
(826, 'P000826', 'BOHLAM H4 24 V', 1, '', 0, 2, NULL, NULL),
(827, 'P000827', 'FILTER SOLAR ISUZU  FC 1501-4', 1, '', 0, 0, NULL, NULL),
(828, 'P000828', 'FILTER OLIE ISUZU C-1515', 1, '', 0, 0, NULL, NULL),
(829, 'P000829', 'FILTER SOLAR SD 300 J-862140', 1, '', 0, 0, NULL, NULL),
(830, 'P000830', 'BAN DALAM 23,5-25 VR RUBBER', 1, '', 0, 4, NULL, NULL),
(831, 'P000831', 'GAMBANGAN FINISHER ', 1, '', 0, 27, NULL, NULL),
(832, 'P000832', 'PER GAMBANGAN FINISHER', 1, '', 0, 26, NULL, NULL),
(833, 'P000833', 'LAMPU ROTARY 24 V', 1, '', 0, 4, NULL, NULL),
(834, 'P000834', 'APAR 1 KG', 1, '', 0, 7, NULL, NULL),
(835, 'P000835', 'ROMPI ORANGE', 1, '', 0, 0, NULL, NULL),
(836, 'P000836', 'HELM KUNING PROYEK', 1, '', 0, 0, NULL, NULL),
(837, 'P000837', 'KAWAT LAS GOLD 420', 1, '', 0, 126, NULL, NULL),
(838, 'P000838', 'POMPA GREASE TEKIRO', 1, '', 0, 0, NULL, NULL),
(839, 'P000839', 'TRACK SHOE FINISHER SUMITOMO', 1, '', 0, 71, NULL, NULL),
(840, 'P000840', 'DONGKRAK 30 TON ', 1, '', 0, 0, NULL, NULL),
(841, 'P000841', 'DONGKRAK TEKIRO 20 TON', 1, '', 0, 0, NULL, NULL),
(842, 'P000842', 'BAN DALAM 1400-24 POWER TUDE', 1, '', 0, 3, NULL, NULL),
(843, 'P000843', 'SLIWER 1400-24 POWER TUDE', 1, '', 0, 9, NULL, NULL),
(844, 'P000844', 'PPPK ( P3K)', 1, '', 0, 7, NULL, NULL),
(845, 'P000845', 'BEARING 6307-2RSR C3', 1, '', 0, 0, NULL, NULL),
(846, 'P000846', 'BEARING 6309-2Z', 1, '', 0, 0, NULL, NULL),
(847, 'P000847', 'BEARING 23148', 1, '', 0, 0, NULL, NULL),
(848, 'P000848', 'SPROKET MATA 4 FINISHER NIGATA', 1, '', 0, 0, NULL, NULL),
(849, 'P000849', 'FILTER UDARA P-822768', 1, '', 0, 0, NULL, NULL),
(850, 'P000850', 'SPROKET MATA 8 FINISHER SUMITOMO', 1, '', 0, 8, NULL, NULL),
(851, 'P000851', 'AS RODA BLKNG HINO DUTRO', 1, '', 0, 3, NULL, NULL),
(852, 'P000852', 'TRACK SHOE FINISHER VOGELLE ', 1, '', 0, 200, NULL, NULL),
(853, 'P000853', 'FILTER UDARA ISUZU 17-55500-201A', 1, '', 0, 21, NULL, NULL),
(854, 'P000854', 'AS RODA BELAKANG ISUZU NKR', 1, '', 0, 4, NULL, NULL),
(855, 'P000855', 'KEP REM ISUZU 15-87831-598-0', 1, '', 0, 28, NULL, NULL),
(856, 'P000856', 'VAN BELT ISUZU 11-97014-252-1', 1, '', 0, 6, NULL, NULL),
(857, 'P000857', 'FILTER STRAINER 22136011160', 1, '', 0, 4, NULL, NULL),
(858, 'P000858', 'FILTER STRAINER 20Y 603 1140', 1, '', 0, 4, NULL, NULL),
(859, 'P000859', 'FILTER ELMN J-8630180-1/2076071182', 1, '', 0, 4, NULL, NULL),
(860, 'P000860', 'FILTER P 505961', 1, '', 0, 0, NULL, NULL),
(861, 'P000861', 'FILTER SOLAR J-8620386', 1, '', 0, 0, NULL, NULL),
(862, 'P000862', 'FILTER UDARA 17801-1131L', 1, '', 0, 10, NULL, NULL),
(863, 'P000863', 'FILTER UDARA AF 25904/FA 8689 F', 1, '', 0, 3, NULL, NULL),
(864, 'P000864', 'VANBELT 130205-00195 LOADER DOOSAN', 1, '', 0, 2, NULL, NULL),
(865, 'P000865', 'VANBELT 130707-00197 LOADER DOOSAN', 1, '', 0, 2, NULL, NULL),
(866, 'P000866', 'KAMPAS REM K 9007960 LOADER DOSAN SD 300', 1, '', 0, 12, NULL, NULL),
(867, 'P000867', 'WIRE ROPE D : 10 mm 19x17 WR ', 1, '', 0, 0, NULL, NULL),
(868, 'P000868', 'GATE VALVE 2\" PN 16', 1, '', 0, 0, NULL, NULL),
(869, 'P000869', 'FILTER UDARA GENSET CAT III 5L1203', 1, '', 0, 2, NULL, NULL),
(870, 'P000870', 'BELT CONVEYOR L 90 CM X 4 PLY', 1, '', 0, 0, NULL, NULL),
(871, 'P000871', 'BELT CONVEYOR L 60 CM X 4 PLY', 1, '', 0, 0, NULL, NULL),
(872, 'P000872', 'FILTER UDARA PTH 16-94334 960-0', 1, '', 0, 0, NULL, NULL),
(873, 'P000873', 'PELAMPUNG TANGKI CANTER', 1, '', 0, 0, NULL, NULL),
(874, 'P000874', 'KABEL HAND REM PTH DPN', 1, '', 0, 0, NULL, NULL),
(875, 'P000875', 'RELLAY K4 24 V', 1, '', 0, 0, NULL, NULL),
(876, 'P000876', 'KRAN ANGIN 1/4\"', 1, '', 0, 0, NULL, NULL),
(877, 'P000877', 'BAUT 5/8X4\"', 1, '', 0, 0, NULL, NULL),
(878, 'P000878', 'BAUT 5/8X3\"', 1, '', 0, 0, NULL, NULL),
(879, 'P000879', 'BAUT 1/2X2\"', 1, '', 0, 88, NULL, NULL),
(880, 'P000880', 'BAN DALAM R 13', 1, '', 0, 0, NULL, NULL),
(881, 'P000881', 'LAKHER GARPU KOPLING HINO', 1, '', 0, 0, NULL, NULL),
(882, 'P000882', 'KAMPAS KOPLING HINO REP', 1, '', 0, 0, NULL, NULL),
(883, 'P000883', 'DUDUKAN UCP 207', 1, '', 0, 0, NULL, NULL),
(884, 'P000884', 'ALAT PEMADAM KEBAKARAN 6 KG', 1, '', 0, 0, NULL, NULL),
(885, 'P000885', 'JAW UK 250 X 1200', 1, '', 0, 0, NULL, NULL),
(886, 'P000886', 'JAW DUDUK 400X600', 1, '', 0, 0, NULL, NULL),
(887, 'P000887', 'KAWAT TALI K10', 1, '', 0, 0, NULL, NULL),
(888, 'P000888', 'KAMPAS REM BELAKANG 12022-59770', 1, '', 0, 0, NULL, NULL),
(889, 'P000889', 'BATU GERINDA 4 \"', 1, '', 0, 0, NULL, NULL),
(890, 'P000890', 'MASTER REM ASSY PTH', 1, '', 0, 0, NULL, NULL),
(891, 'P000891', 'BELT CONVEYOR L 40 CM', 1, '', 0, 0, NULL, NULL),
(892, 'P000892', 'BELT CONVEYOR L 65 CM', 1, '', 0, 0, NULL, NULL),
(893, 'P000893', 'WIRE SCREEN 250X148  8 mm', 1, '', 0, 0, NULL, NULL),
(894, 'P000894', 'WIRE SCREEN 256X120  19 mm', 1, '', 0, 0, NULL, NULL),
(895, 'P000895', 'WIRE SCREEN 256X120  40 mm', 1, '', 0, 0, NULL, NULL),
(896, 'P000896', 'WIRE SCREEN 250X150  14 mm', 1, '', 0, 0, NULL, NULL),
(897, 'P000897', 'WIRE SCREEN 500X150  14 mm', 1, '', 0, 3, NULL, NULL),
(898, 'P000898', 'WIRE SCREEN 400X148  7 mm', 1, '', 0, 0, NULL, NULL),
(899, 'P000899', 'WIRE SCREEN 400X148  14 mm', 1, '', 0, 0, NULL, NULL),
(900, 'P000900', 'WIRE SCREEN 400X148  30 mm', 1, '', 0, 0, NULL, NULL),
(901, 'P000901', 'WIRE SCREEN 275X120  19 mm', 1, '', 0, 1, NULL, NULL),
(902, 'P000902', 'WIRE SCREEN 275X120  30 mm', 1, '', 0, 1, NULL, NULL),
(903, 'P000903', 'WIRE SCREEN 253X93  6 mm', 1, '', 0, 1, NULL, NULL),
(904, 'P000904', 'WIRE SCREEN 250X93  19 mm', 1, '', 0, 0, NULL, NULL),
(905, 'P000905', 'WIRE SCREEN 250X93  14 mm', 1, '', 0, 1, NULL, NULL),
(906, 'P000906', 'WIRE SCREEN 275X115  12 mm', 1, '', 0, 0, NULL, NULL),
(907, 'P000907', 'WIRE SCREEN 245X93  19 mm', 1, '', 0, 0, NULL, NULL),
(908, 'P000908', 'WIRE SCREEN 240X93  40 mm', 1, '', 0, 0, NULL, NULL),
(909, 'P000909', 'POMPA GREASE TEKIRO', 1, '', 0, 0, NULL, NULL),
(910, 'P000910', 'WIRE ROPE D 8 mm 6x36', 1, '', 0, 1, NULL, NULL),
(911, 'P000911', 'BEARING 6210-Z', 1, '', 0, 1, NULL, NULL),
(912, 'P000912', 'TERPAL OLIVE GREEN 2X3 MTR', 1, '', 0, 0, NULL, NULL),
(913, 'P000913', 'TERPAL OLIVE GREEN 3X4 MTR', 1, '', 0, 0, NULL, NULL),
(914, 'P000914', 'LAMPU PHILIPS HELIX 32 W', 1, '', 0, 0, NULL, NULL),
(915, 'P000915', 'FITTING PLAVON', 1, '', 0, 0, NULL, NULL),
(916, 'P000916', 'KABEL NYM 2X15', 1, '', 0, 0, NULL, NULL),
(917, 'P000917', 'PISAU BUCKET D31 KIRI 12F-70-31261', 1, '', 0, 1, NULL, NULL),
(918, 'P000918', 'PISAU BUCKET D31 KANAN 12F-70', 1, '', 0, 1, NULL, NULL),
(919, 'P000919', 'END BIT D 31 11-6-71-31170', 1, '', 0, 2, NULL, NULL),
(920, 'P000920', 'BOLD 02090-11050', 1, '', 0, 20, NULL, NULL),
(921, 'P000921', 'NUT 02290-11016', 1, '', 0, 20, NULL, NULL),
(922, 'P000922', 'GATE VALVE 2\'\'', 1, '', 0, 2, NULL, NULL),
(923, 'P000923', 'KLING RATE 5 mm', 1, '', 0, 0, NULL, NULL),
(924, 'P000924', 'ELBOW LAS GIP 2\'\'', 1, '', 0, 0, NULL, NULL),
(925, 'P000925', 'PLANDES 2\'\'', 1, '', 0, 0, NULL, NULL),
(926, 'P000926', 'GEAR BOX 100 1:20', 1, '', 0, 0, NULL, NULL),
(927, 'P000927', 'LEM ARALDITE MERAH', 1, '', 0, 0, NULL, NULL),
(928, 'P000928', 'LEM G', 1, '', 0, 0, NULL, NULL),
(929, 'P000929', 'DEXTONE PLASTIK STEAL', 1, '', 0, 0, NULL, NULL),
(930, 'P000930', 'LEM DEXTONE SILICON D3', 1, '', 0, 0, NULL, NULL),
(931, 'P000931', 'BAUT 6X50', 1, '', 0, 0, NULL, NULL),
(932, 'P000932', 'BAUT 6 LEBAR', 1, '', 0, 0, NULL, NULL),
(933, 'P000933', 'BAUT KNG 10 X 80', 1, '', 0, 0, NULL, NULL),
(934, 'P000934', 'CAKAR KAMBING UK 16', 1, '', 0, 0, NULL, NULL),
(935, 'P000935', 'CAKAR KAMBING UK 26', 1, '', 0, 0, NULL, NULL),
(936, 'P000936', 'SAMBUNGAN RANTAI RS 60 DOUBEL', 1, '', 0, 0, NULL, NULL),
(937, 'P000937', 'SAMBUNGAN RANTAI RS 140', 1, '', 0, 0, NULL, NULL),
(938, 'P000938', 'KLEM ACCU', 1, '', 0, 0, NULL, NULL),
(939, 'P000939', 'KEP REM 2 3/16', 1, '', 0, 0, NULL, NULL),
(940, 'P000940', 'NFB 100 SCHNEIDER', 1, '', 0, 0, NULL, NULL),
(941, 'P000941', 'TORNADO 24 PHILIPS', 1, '', 0, 0, NULL, NULL),
(942, 'P000942', 'SAKLAR ON-OFF-ON', 1, '', 0, 0, NULL, NULL),
(943, 'P000943', 'MATA BOR BETON 6mm', 1, '', 0, 0, NULL, NULL),
(944, 'P000944', 'MATA BOR BETON 8mm', 1, '', 0, 0, NULL, NULL),
(945, 'P000945', 'MATA BOR BETON 10mm', 1, '', 0, 0, NULL, NULL),
(946, 'P000946', 'MATA BOR BETON 12mm', 1, '', 0, 0, NULL, NULL),
(947, 'P000947', 'KRIS KOPEL L 038', 1, '', 0, 0, NULL, NULL),
(948, 'P000948', 'STOP PER BLKNG G', 1, '', 0, 0, NULL, NULL),
(949, 'P000949', 'BEGEL TRONTON 40 cm', 1, '', 0, 0, NULL, NULL),
(950, 'P000950', 'KINIK BATU GERINDA POTONG 14\"', 1, '', 0, 0, NULL, NULL),
(951, 'P000951', 'PISTON KOPLING 22mm', 1, '', 0, 0, NULL, NULL),
(952, 'P000952', 'KAMPAS REM DEPAN PANTHER ', 1, '', 0, 0, NULL, NULL),
(953, 'P000953', 'BAUT STABILISER STEER', 1, '', 0, 0, NULL, NULL),
(954, 'P000954', 'DREGH LAKHER NKR 71', 1, '', 0, 0, NULL, NULL),
(955, 'P000955', 'RING SINCROMESH NKR 71', 1, '', 0, 0, NULL, NULL),
(956, 'P000956', 'PEN FOLOWER SINCROMESH NKR 71', 1, '', 0, 0, NULL, NULL),
(957, 'P000957', 'PULLI 5\" B2', 1, '', 0, 0, NULL, NULL),
(958, 'P000958', 'VANBELT B55', 1, '', 0, 0, NULL, NULL),
(959, 'P000959', 'SWITCH KLAKSON 24 V', 1, '', 0, 0, NULL, NULL),
(960, 'P000960', 'LEM ALTECO', 1, '', 0, 0, NULL, NULL),
(961, 'P000961', 'BEARING 2207 KOYO', 1, '', 0, 0, NULL, NULL),
(962, 'P000962', 'CAT EMCO 67 SULFUR YELLOW', 1, '', 0, 0, NULL, NULL),
(963, 'P000963', 'R/K FOOT BRAKE FUSO', 1, '', 0, 0, NULL, NULL),
(964, 'P000964', 'WHELL CYLINDER BLK FUSO 2 3/16', 1, '', 0, 0, NULL, NULL),
(965, 'P000965', 'TROMOL BLK FUSO', 1, '', 0, 0, NULL, NULL),
(966, 'P000966', 'AS KOPLING /KOPLING ISUZU NKR 71', 1, '', 0, 0, NULL, NULL),
(967, 'P000967', 'BELL KRING ', 1, '', 0, 0, NULL, NULL),
(968, 'P000968', 'KENI 3/4\"', 1, '', 0, 0, NULL, NULL),
(969, 'P000969', 'SELANG PU 6,5X10mm', 1, '', 0, 0, NULL, NULL),
(970, 'P000970', 'SELANG PU 8X12mm', 1, '', 0, 0, NULL, NULL),
(971, 'P000971', 'THN 120', 1, '', 0, 0, NULL, NULL),
(972, 'P000972', 'HOSE HYD ASSY ID 3/8 \"', 1, '', 0, 0, NULL, NULL),
(973, 'P000973', 'JF 10X40 ', 1, '', 0, 0, NULL, NULL),
(974, 'P000974', 'FLANGE BOLT 6X30 ', 1, '', 0, 0, NULL, NULL),
(975, 'P000975', 'MUR  6 P100 K10', 1, '', 0, 0, NULL, NULL),
(976, 'P000976', 'FILTER SOLAR FC 1001/MB220900', 1, '', 0, 0, NULL, NULL),
(977, 'P000977', 'FILTER OLIE L300 MD 069782', 1, '', 0, 4, NULL, NULL),
(978, 'P000978', 'WIRE SCREEN 250X148 30 KAWAT 10mm', 1, '', 0, 0, NULL, NULL),
(979, 'P000979', 'WIRE SCREEN 250X148 19 KAWAT 6mm', 1, '', 0, 0, NULL, NULL),
(980, 'P000980', 'KLAKSON DISC 24 V', 1, '', 0, 0, NULL, NULL),
(981, 'P000981', 'KLAKSON DISC 12 V', 1, '', 0, 0, NULL, NULL),
(982, 'P000982', 'TENOL PANCING  1.2mm', 1, '', 0, 0, NULL, NULL),
(983, 'P000983', 'SAMBUNGAN RANTAI RS 60-II', 1, '', 0, 0, NULL, NULL),
(984, 'P000984', 'SAMBUNGAN RANTAI RS 80-I', 1, '', 0, 0, NULL, NULL),
(985, 'P000985', 'STUD KOPLING GENJO SPC', 1, '', 0, 0, NULL, NULL),
(986, 'P000986', 'MASTER REM DEPAN CANTER', 1, '', 0, 0, NULL, NULL),
(987, 'P000987', 'SEAL RODA DEPAN HINO DUTRO', 1, '', 0, 0, NULL, NULL),
(988, 'P000988', 'C/O ASSY CANTER BAWAH', 1, '', 0, 0, NULL, NULL),
(989, 'P000989', 'E . MAIL 0,2', 1, '', 0, 0, NULL, NULL),
(990, 'P000990', 'MIKA 0.15', 1, '', 0, 0, NULL, NULL),
(991, 'P000991', 'MIKA 0.25', 1, '', 0, 0, NULL, NULL),
(992, 'P000992', 'SLONGSONG', 1, '', 0, 0, NULL, NULL),
(993, 'P000993', 'HARNES AS-C', 1, '', 0, 0, NULL, NULL),
(994, 'P000994', 'KOPLING ISUZU ELF EURO', 1, '', 0, 0, NULL, NULL),
(995, 'P000995', 'GEROBAK ELTORO', 1, '', 0, 0, NULL, NULL),
(996, 'P000996', 'BATRAI UPS 12 V 7.1 AH', 1, '', 0, 0, NULL, NULL),
(997, 'P000997', 'GREASE HANNA 653 HI TEMP', 1, '', 0, 0, NULL, NULL),
(998, 'P000998', 'BOOR BOSCH BEKAS + MATABOR', 1, '', 0, 0, NULL, NULL),
(999, 'P000999', 'FILTER SOLAR FS 19531', 1, '', 0, 0, NULL, NULL),
(1000, 'P001000', 'FILTER OLIE LF 3349', 1, '', 0, 4, NULL, NULL),
(1001, 'P001001', 'FILTER SOLAR F-1002', 1, '', 0, 0, NULL, NULL),
(1002, 'P001002', 'BEARING ASB UC-205', 1, '', 0, 5, NULL, NULL),
(1003, 'P001003', 'BEARING FBJ UC-204', 1, '', 0, 20, NULL, NULL),
(1004, 'P001004', 'BEARING FAG 6315-C3', 1, '', 0, 2, NULL, NULL),
(1005, 'P001005', 'BEARING UNIT FYH UCP-204 J', 1, '', 0, 4, NULL, NULL),
(1006, 'P001006', 'BEARING UNIT FYH UCT-203 J', 1, '', 0, 8, NULL, NULL),
(1007, 'P001007', 'COLDRILL MERAH 6\"', 1, '', 0, 0, NULL, NULL),
(1008, 'P001008', 'BRAKE ASSY ISUZU ELF 18-97257279-0', 1, '', 0, 0, NULL, NULL),
(1009, 'P001009', 'PRIMING PUMP ISUZU 18-97081-814-3', 1, '', 0, 0, NULL, NULL),
(1010, 'P001010', 'GEMBOK 40 MEREK NISHIO', 1, '', 0, 0, NULL, NULL),
(1011, 'P001011', 'REFREKTOR KOTAK', 1, '', 0, 0, NULL, NULL),
(1012, 'P001012', 'WD 40', 1, '', 0, 0, NULL, NULL),
(1013, 'P001013', 'BUNGKUS KABEL', 1, '', 0, 0, NULL, NULL),
(1014, 'P001014', 'KUKU BUCKET LOADER DOSAN SD300 N', 1, '', 0, 0, NULL, NULL),
(1015, 'P001015', 'BOLT + NUT KUKU', 1, '', 0, 0, NULL, NULL),
(1016, 'P001016', 'KUKU SAMPING KANAN+KIRI', 1, '', 0, 0, NULL, NULL),
(1017, 'P001017', 'GREASE LUBE LINE/HI TEMP MC2495XRT', 1, '', 0, 0, NULL, NULL),
(1018, 'P001018', 'SEAL HYD 90-105-10 LOADER WA 350-B', 1, '', 0, 2, NULL, NULL),
(1019, 'P001019', 'S/K ADJUSTER DOZER D3C', 1, '', 0, 0, NULL, NULL),
(1020, 'P001020', 'O RING BOX KOMATSU', 1, '', 0, 0, NULL, NULL),
(1021, 'P001021', 'SERLAK ', 1, '', 0, 0, NULL, NULL),
(1022, 'P001022', 'HOSE HYD ASSY ID 1\" 4W L 115 cm', 1, '', 0, 0, NULL, NULL),
(1023, 'P001023', 'HOSE HYD ASSY ID 3/4\" 4W L 175 cm', 1, '', 0, 0, NULL, NULL),
(1024, 'P001024', 'BOHLAM H3 12 V', 1, '', 0, 0, NULL, NULL),
(1025, 'P001025', 'PIPA MID A 2\"', 1, '', 0, 0, NULL, NULL),
(1026, 'P001026', 'SEAL TAPE JUMBO', 1, '', 0, 0, NULL, NULL),
(1027, 'P001027', 'SOCK 2.6', 1, '', 0, 0, NULL, NULL),
(1028, 'P001028', 'KENI 2.6', 1, '', 0, 0, NULL, NULL),
(1029, 'P001029', 'T.3/4\" RUCIKA', 1, '', 0, 1, NULL, NULL),
(1030, 'P001030', 'STOP KRAN YUTA 3/4\" PVC', 1, '', 0, 2, NULL, NULL),
(1031, 'P001031', 'LEM RU GLUE 60 gr', 1, '', 0, 0, NULL, NULL),
(1032, 'P001032', 'KENI 3\"RUCIKA', 1, '', 0, 2, NULL, NULL),
(1033, 'P001033', 'SANYO JET PUMP PD-WH 200B', 1, '', 0, 0, NULL, NULL),
(1034, 'P001034', 'FILTER UDARA OUTER JIMCO JAE-88109', 1, '', 0, 2, NULL, NULL),
(1035, 'P001035', 'FILTER UDARA INNER JIMCO JAE-88111', 1, '', 0, 2, NULL, NULL),
(1036, 'P001036', 'FILTER OLIE LF699', 1, '', 0, 3, NULL, NULL),
(1037, 'P001037', 'VAN BELT 3380', 1, '', 0, 0, NULL, NULL),
(1038, 'P001038', 'KEP REM 1 3/16 ISUZU NKR 77', 1, '', 0, 0, NULL, NULL),
(1039, 'P001039', 'KEP REM 1 5/8 HINO', 1, '', 0, 8, NULL, NULL),
(1040, 'P001040', 'C/O KIT PANTHER', 1, '', 0, 0, NULL, NULL),
(1041, 'P001041', 'AMPLAS 1000', 1, '', 0, 0, NULL, NULL),
(1042, 'P001042', 'AMPLAS 400', 1, '', 0, 0, NULL, NULL),
(1043, 'P001043', 'AMPLAS 60', 1, '', 0, 0, NULL, NULL),
(1044, 'P001044', 'KENI 1 1/4\"', 1, '', 0, 0, NULL, NULL),
(1045, 'P001045', 'KENI 1\"', 1, '', 0, 0, NULL, NULL),
(1046, 'P001046', 'U SOCK 1 1/4\"', 1, '', 0, 0, NULL, NULL),
(1047, 'P001047', 'U SOCK 1\"', 1, '', 0, 0, NULL, NULL),
(1048, 'P001048', 'SICK 1 1/4\"', 1, '', 0, 0, NULL, NULL),
(1049, 'P001049', 'SOCK 1\"', 1, '', 0, 0, NULL, NULL),
(1050, 'P001050', 'PARALON 1 1/4\"', 1, '', 0, 0, NULL, NULL),
(1051, 'P001051', 'PARALON 1\"', 1, '', 0, 0, NULL, NULL),
(1052, 'P001052', 'SILER KTB', 1, '', 0, 0, NULL, NULL),
(1053, 'P001053', 'SEAL TAPE KECIL', 1, '', 0, 0, NULL, NULL),
(1054, 'P001054', 'ISOLASI KECIL', 1, '', 0, 0, NULL, NULL),
(1055, 'P001055', 'OCTOPUS SAFETY SHOES 608', 1, '', 0, 0, NULL, NULL),
(1056, 'P001056', 'ASBES FILES 2\"', 1, '', 0, 0, NULL, NULL),
(1057, 'P001057', 'UNC 1/2 X 1 1/2', 1, '', 0, 0, NULL, NULL),
(1058, 'P001058', 'WD 12', 1, '', 0, 0, NULL, NULL),
(1059, 'P001059', 'SELING WRC 8X6X37', 1, '', 0, 0, NULL, NULL),
(1060, 'P001060', 'KLEM SELING 3/8', 1, '', 0, 0, NULL, NULL),
(1061, 'P001061', 'SPAN KLUN 1/2', 1, '', 0, 0, NULL, NULL),
(1062, 'P001062', 'DRUG LAKHER PANTHER', 1, '', 0, 0, NULL, NULL),
(1063, 'P001063', 'KOPLING ISUZU PANTHER', 1, '', 0, 0, NULL, NULL),
(1064, 'P001064', 'WATER PUMP ASSY FN 527', 1, '', 0, 0, NULL, NULL),
(1065, 'P001065', 'FILTER UDARA 134-8726 CAT', 1, '', 0, 4, NULL, NULL),
(1066, 'P001066', 'PVC 3/4\"', 1, '', 0, 0, NULL, NULL),
(1067, 'P001067', 'CAT ZINCROMATE 5 KG', 1, '', 0, 0, NULL, NULL),
(1068, 'P001068', 'CAT AVIAN 750 DEFP BLUE', 1, '', 0, 1, NULL, NULL),
(1069, 'P001069', 'BEARING FAG 6310 22R', 1, '', 0, 2, NULL, NULL),
(1070, 'P001070', 'CONVEYOR BELT 80 CMX4PLY', 1, '', 0, 0, NULL, NULL),
(1071, 'P001071', 'VANBELT A39', 1, '', 0, 0, NULL, NULL),
(1072, 'P001072', 'SEAL GLUON', 1, '', 0, 0, NULL, NULL),
(1073, 'P001073', 'KAMPAS REM 12022-59770', 1, '', 0, 0, NULL, NULL),
(1074, 'P001074', 'PAKU RIVET ( 10X12mm)', 1, '', 0, 0, NULL, NULL),
(1075, 'P001075', 'VAN BELT B 62', 1, '', 0, 0, NULL, NULL),
(1076, 'P001076', 'CAT AVIAN BLUE ROYAL 754', 1, '', 0, 1, NULL, NULL),
(1077, 'P001077', 'CAT AVIAN LAKE BLUE 753', 1, '', 0, 0, NULL, NULL),
(1078, 'P001078', 'PACKING HEAD 8DC10', 1, '', 0, 0, NULL, NULL),
(1079, 'P001079', 'R/K RUMAH PISTON BOSTER KOPLING', 1, '', 0, 0, NULL, NULL),
(1080, 'P001080', 'PERPACK GABUS ', 1, '', 0, 0, NULL, NULL),
(1081, 'P001081', 'FILTER OLIE P-558615', 1, '', 0, 13, NULL, '2022-11-16 22:20:55'),
(1082, 'P001082', 'FILTER SOLAR J-8620561/600-319-5611', 1, '', 0, 2, NULL, NULL),
(1083, 'P001083', 'KUNCI RODA HINO NA', 1, '', 0, 0, NULL, NULL),
(1084, 'P001084', 'PIN BREAKER C-31446', 1, '', 0, 0, NULL, NULL),
(1085, 'P001085', 'SELING  6mm', 1, '', 0, 0, NULL, NULL),
(1086, 'P001086', 'KLEM SELING', 1, '', 0, 0, NULL, NULL),
(1087, 'P001087', 'GEAR PUMP GL-20-5', 1, '', 0, 0, NULL, NULL),
(1088, 'P001088', 'FINAL DRIVE PC 75 UU', 1, '', 0, 0, NULL, NULL),
(1089, 'P001089', 'FLANGE AS BLANDER 8 DC', 1, '', 0, 0, NULL, NULL),
(1090, 'P001090', 'BAUT KOPEL 16mm', 1, '', 0, 0, NULL, NULL),
(1091, 'P001091', 'VALVE ASSY HINO DUTRO ', 1, '', 0, 0, NULL, NULL),
(1092, 'P001092', 'PISTON SET REM HINO DUTRO', 1, '', 0, 0, NULL, NULL),
(1093, 'P001093', 'TRACK SHOE SWAMP BULDOZER ', 1, '', 0, 16, NULL, NULL),
(1094, 'P001094', 'BOSTER A/S BRAKE 44610 37171', 1, '', 0, 0, NULL, NULL),
(1095, 'P001095', 'AS RODA BELAKANG HINO NA', 1, '', 0, 1, NULL, NULL),
(1096, 'P001096', 'RING SINKRO 3371-1640', 1, '', 0, 1, NULL, NULL),
(1097, 'P001097', 'CONE SINKRO S3337-21220', 1, '', 0, 1, NULL, NULL),
(1098, 'P001098', 'SEAL OIL SZ 311-50001', 1, '', 0, 1, NULL, NULL),
(1099, 'P001099', 'BEARING SZ 365-6001', 1, '', 0, 1, NULL, NULL),
(1100, 'P001100', 'ALTENATOR S 2702-01052', 1, '', 0, 0, NULL, NULL),
(1101, 'P001101', 'KAWAT LAS RB -26 2,6 MM', 1, '', 0, 0, NULL, NULL),
(1102, 'P001102', 'AUGER BLADE MODEL ST44-6', 1, '', 0, 1, NULL, NULL),
(1103, 'P001103', 'UC 318', 1, '', 0, 2, NULL, NULL),
(1104, 'P001104', 'BEARING 32310', 1, '', 0, 1, NULL, NULL),
(1105, 'P001105', 'BERING 32313', 1, '', 0, 8, NULL, NULL),
(1106, 'P001106', 'VANBELT C-83', 1, '', 0, 0, NULL, NULL),
(1107, 'P001107', 'LEM LOCTITE ', 1, '', 0, 0, NULL, NULL),
(1108, 'P001108', 'LEM THREE BOND', 1, '', 0, 0, NULL, NULL),
(1109, 'P001109', 'SEAL KIT BOOM EXC CAT 320 D', 1, '', 0, 2, NULL, NULL),
(1110, 'P001110', 'FILTER OLIE 0713', 1, '', 0, 3, NULL, NULL),
(1111, 'P001111', 'FILTER FLEET GUARD WF 2076', 1, '', 0, 4, NULL, NULL),
(1112, 'P001112', 'WIPER BLADE 18', 1, '', 0, 10, NULL, NULL),
(1113, 'P001113', 'WATER COOLANT ', 1, '', 0, 0, NULL, NULL),
(1114, 'P001114', 'FUEL FILTER PN 600-319-3750', 1, '', 0, 1, NULL, NULL),
(1115, 'P001115', 'FILTER SOLAR CATRIDGE 600-319-5612', 1, '', 0, 1, NULL, NULL),
(1116, 'P001116', 'CAT AVIAN BLACK DOF', 1, '', 0, 0, NULL, NULL),
(1117, 'P001117', 'STRAINER 419-15-14650', 1, '', 0, 1, NULL, NULL),
(1118, 'P001118', 'FILTER ELEMENT 424-16-11140', 1, '', 0, 2, NULL, NULL),
(1119, 'P001119', 'BAUT MUR TRACK SHOE BULDOZER', 1, '', 0, 100, NULL, NULL),
(1120, 'P001120', 'SPROKET BULDOZER', 1, '', 0, 1, NULL, NULL),
(1121, 'P001121', 'TRACK ROLLER AS BULDOZER', 1, '', 0, 5, NULL, NULL),
(1122, 'P001122', 'SHOE 600 mm BULDOZER', 1, '', 0, 4, NULL, NULL),
(1123, 'P001123', 'SHOE BOLT KIT BULDOZER', 1, '', 0, 30, NULL, NULL),
(1124, 'P001124', 'TROMOL MITSUBISHI GANJO', 1, '', 0, 1, NULL, NULL),
(1125, 'P001125', 'CHAIN BLOCK ', 1, '', 0, 0, NULL, NULL),
(1126, 'P001126', 'FILTER OLIE IR-1807', 1, '', 0, 3, NULL, NULL),
(1127, 'P001127', 'FILTER SOLAR 326-1644', 1, '', 0, 5, NULL, NULL),
(1128, 'P001128', 'FILTER OLIE 4700939082', 1, '', 0, 7, NULL, NULL),
(1129, 'P001129', 'FILTER SOLAR 47000945624', 1, '', 0, 4, NULL, NULL),
(1130, 'P001130', 'VAN BELT 4812034895', 1, '', 0, 4, NULL, NULL),
(1131, 'P001131', 'FILTER UDARA 4812034802', 1, '', 0, 5, NULL, NULL),
(1132, 'P001132', 'TERPAL OLIVE GREEN 5,5X3,6', 1, '', 0, 0, NULL, NULL),
(1133, 'P001133', 'CATRIDG 6736-51-5142', 1, '', 0, 3, NULL, NULL),
(1134, 'P001134', 'CATRIDG 600-319-5611', 1, '', 0, 0, NULL, NULL),
(1135, 'P001135', 'ELEMENT 207-60-71183', 1, '', 0, 2, NULL, NULL),
(1136, 'P001136', 'FILTER UDARA 600-185-4110', 1, '', 0, 0, NULL, NULL),
(1137, 'P001137', 'FILTER UDARA 600-185-4100', 1, '', 0, 1, NULL, NULL),
(1138, 'P001138', 'PUSH BUTTOM ', 1, '', 0, 5, NULL, NULL),
(1139, 'P001139', 'BAUT RODA ISUZU NKR 77', 1, '', 0, 102, NULL, NULL),
(1140, 'P001140', 'FILTER OLIE 12-972475140', 1, '', 0, 3, NULL, NULL),
(1141, 'P001141', 'T.ROLLER 20Y-30-07300', 1, '', 0, 14, NULL, NULL),
(1142, 'P001142', 'BOSTER REM ASSY MITSUBISHI FUSO', 1, '', 0, 1, NULL, NULL),
(1143, 'P001143', 'VALVE REM ASSY HINO LOUHAN', 1, '', 0, 0, NULL, NULL),
(1144, 'P001144', 'VAN BELT 268-8608 COLD MILLING', 1, '', 0, 1, NULL, NULL),
(1145, 'P001145', 'VANBELT 178708', 1, '', 0, 2, NULL, NULL),
(1146, 'P001146', 'VANBELT C 83', 1, '', 0, 2, NULL, NULL),
(1147, 'P001147', 'DINAMO STARTER FUSO  FN 527', 1, '', 0, 2, NULL, NULL),
(1148, 'P001148', 'DINAMO AMPERE FUSO FN 527', 1, '', 0, 2, NULL, NULL),
(1149, 'P001149', 'ROLLER CONVEYOR COLD MILLING', 1, '', 0, 7, NULL, NULL),
(1150, 'P001150', 'LIFT DUMP ASSY ULPK0042', 1, '', 0, 0, NULL, NULL),
(1151, 'P001151', 'BAN LUAR 185X14-80', 1, '', 0, 0, NULL, NULL),
(1152, 'P001152', 'BAN LUAR 165 80 R13 DURAPLUS', 1, '', 0, 0, NULL, NULL),
(1153, 'P001153', 'FILTER SOLAR PERKINS 4415122', 1, '', 0, 2, NULL, NULL),
(1154, 'P001154', 'ROMPI ORANGE ', 1, '', 0, 0, NULL, NULL),
(1155, 'P001155', 'FUEL F WATER SEPARATOR P 551329', 1, '', 0, 7, NULL, NULL),
(1156, 'P001156', 'FS 19732/4700945147 WATER S', 1, '', 0, 5, NULL, NULL),
(1157, 'P001157', 'FUEL F WATER SEPARATOR P505961', 1, '', 0, 2, NULL, NULL),
(1158, 'P001158', 'FUEL FILTER JFC 88006', 1, '', 0, 4, NULL, NULL),
(1159, 'P001159', 'OIL FILTER IR 739', 1, '', 0, 2, NULL, NULL),
(1160, 'P001160', 'ELEMENT FILTER 130-3212', 1, '', 0, 4, NULL, NULL),
(1161, 'P001161', 'FILTER UDARA PAE 308', 1, '', 0, 3, NULL, NULL),
(1162, 'P001162', 'FILTER UDARA C24-650/1', 1, '', 0, 2, NULL, NULL),
(1163, 'P001163', 'OMALA S4 GXV (OLIE SCREW FINISHER DYNAPAC)', 1, '', 0, 1, NULL, NULL),
(1164, 'P001164', 'FILTER SOLAR 18-98162-897A (TRAILLER)', 1, '', 0, 5, NULL, NULL),
(1165, 'P001165', 'FILTER SOLAR 18-98092481A(TRAILLER)', 1, '', 0, 5, NULL, NULL),
(1166, 'P001166', 'FILTER OLIE 18-94396375(TRAILLER)', 1, '', 0, 5, NULL, NULL),
(1167, 'P001167', 'FILTER UDARA 18-98071 423(TRAILLER)', 1, '', 0, 2, NULL, NULL),
(1168, 'P001168', 'BAN DALAM 15,5-25', 1, '', 0, 3, NULL, NULL),
(1169, 'P001169', 'MARSHET R25', 1, '', 0, 2, NULL, NULL),
(1170, 'P001170', 'FILTER SOLAR J-8621614', 1, '', 0, 12, NULL, NULL),
(1171, 'P001171', 'FILTER HYDROLIK P-551210', 1, '', 0, 2, NULL, NULL),
(1172, 'P001172', 'FILTER HYDROLIK P-556005', 1, '', 0, 2, NULL, NULL),
(1173, 'P001173', 'FILTER HYDROLIK J-8640071', 1, '', 0, 2, NULL, NULL),
(1174, 'P001174', 'FILTER AIR BROTHER P-502563', 1, '', 0, 2, NULL, NULL),
(1175, 'P001175', 'AS RODA BELAKANG HINO LOHAN', 1, '', 0, 4, NULL, NULL),
(1176, 'P001176', 'KNALPOT', 1, '', 0, 1, NULL, NULL),
(1177, 'P001177', 'MESIN POMPA CUCI MOBIL MERK BOSCH 125 BAR', 1, '', 0, 1, NULL, NULL),
(1178, 'P001178', 'BEARING 23148 EM KD1', 1, '', 0, 2, NULL, NULL),
(1179, 'P001179', 'BEARING 23148 EMD1C3', 1, '', 0, 2, NULL, NULL),
(1180, 'P001180', 'BEARING NJ 2322 EM1', 1, '', 0, 3, NULL, NULL),
(1181, 'P001181', 'BEARING NJ 2322 E M1 C3', 1, '', 0, 1, NULL, NULL),
(1182, 'P001182', 'TIRE WHEEL 356-1631 DE (RODA COLD MILLING)', 1, '', 0, 2, NULL, NULL),
(1183, 'P001183', 'CAT HYDO ADVANCED 30 319-5921(HYDROLIK OLI SAE 30 @20LT)', 1, '', 0, 3, NULL, NULL),
(1184, 'P001184', 'FILTER SOLAR C 5101', 1, '', 0, 0, NULL, NULL),
(1185, 'P001185', 'BAN DALAM 825 X20', 1, '', 0, 16, NULL, NULL),
(1186, 'P001186', 'SELANG BENANG 1\"', 1, '', 0, 1, NULL, NULL),
(1187, 'P001187', 'TERPAL PLASTIK 4X7 MTR', 1, '', 0, 2, NULL, NULL);

-- --------------------------------------------------------

--
-- Table structure for table `barang_keluar`
--

CREATE TABLE `barang_keluar` (
  `id_barang_keluar` bigint(20) UNSIGNED NOT NULL,
  `tanggal` date NOT NULL,
  `pemohon_id` int(11) NOT NULL,
  `keperluan` varchar(255) COLLATE utf8mb4_unicode_ci NOT NULL,
  `kode_keperluan` varchar(255) COLLATE utf8mb4_unicode_ci NOT NULL,
  `keterangan` varchar(255) COLLATE utf8mb4_unicode_ci DEFAULT NULL,
  `status` varchar(255) COLLATE utf8mb4_unicode_ci DEFAULT NULL,
  `created_at` timestamp NULL DEFAULT NULL,
  `updated_at` timestamp NULL DEFAULT NULL
) ENGINE=InnoDB DEFAULT CHARSET=utf8mb4 COLLATE=utf8mb4_unicode_ci;

-- --------------------------------------------------------

--
-- Table structure for table `departemen`
--

CREATE TABLE `departemen` (
  `id_departemen` int(11) NOT NULL,
  `departemen` varchar(255) NOT NULL,
  `updated_at` timestamp NULL DEFAULT NULL,
  `created_at` timestamp NULL DEFAULT NULL
) ENGINE=InnoDB DEFAULT CHARSET=utf8mb4;

--
-- Dumping data for table `departemen`
--

INSERT INTO `departemen` (`id_departemen`, `departemen`, `updated_at`, `created_at`) VALUES
(1, 'Kendaraan & Peralatan', '2022-05-21 04:02:09', '2022-05-21 04:02:09'),
(2, 'HRD & GA', '2022-05-21 04:04:08', '2022-05-21 04:04:08'),
(3, 'Information Technology', '2022-05-21 04:04:23', '2022-05-21 04:04:23'),
(4, 'Legal', '2022-05-21 04:04:47', '2022-05-21 04:04:47');

-- --------------------------------------------------------

--
-- Table structure for table `failed_jobs`
--

CREATE TABLE `failed_jobs` (
  `id` bigint(20) UNSIGNED NOT NULL,
  `uuid` varchar(255) COLLATE utf8mb4_unicode_ci NOT NULL,
  `connection` text COLLATE utf8mb4_unicode_ci NOT NULL,
  `queue` text COLLATE utf8mb4_unicode_ci NOT NULL,
  `payload` longtext COLLATE utf8mb4_unicode_ci NOT NULL,
  `exception` longtext COLLATE utf8mb4_unicode_ci NOT NULL,
  `failed_at` timestamp NOT NULL DEFAULT current_timestamp()
) ENGINE=InnoDB DEFAULT CHARSET=utf8mb4 COLLATE=utf8mb4_unicode_ci;

-- --------------------------------------------------------

--
-- Table structure for table `grades`
--

CREATE TABLE `grades` (
  `Grade` text COLLATE utf8_unicode_ci DEFAULT NULL,
  `Score` bigint(20) DEFAULT NULL
) ENGINE=InnoDB DEFAULT CHARSET=utf8 COLLATE=utf8_unicode_ci;

--
-- Dumping data for table `grades`
--

INSERT INTO `grades` (`Grade`, `Score`) VALUES
('A', 4),
('B', 3),
('C', 2);

-- --------------------------------------------------------

--
-- Table structure for table `kartu_stok`
--

CREATE TABLE `kartu_stok` (
  `id_kartu_stok` int(10) UNSIGNED NOT NULL,
  `id_barang` int(11) NOT NULL,
  `tanggal` date NOT NULL,
  `stok_awal` int(11) NOT NULL,
  `quantity` int(11) NOT NULL,
  `status` varchar(255) COLLATE utf8mb4_unicode_ci NOT NULL,
  `stok_akhir` int(11) NOT NULL,
  `created_at` timestamp NULL DEFAULT NULL,
  `updated_at` timestamp NULL DEFAULT NULL
) ENGINE=InnoDB DEFAULT CHARSET=utf8mb4 COLLATE=utf8mb4_unicode_ci;

-- --------------------------------------------------------

--
-- Table structure for table `kategori`
--

CREATE TABLE `kategori` (
  `id_kategori` int(10) UNSIGNED NOT NULL,
  `nama_kategori` varchar(255) COLLATE utf8mb4_unicode_ci NOT NULL,
  `id_departemen` int(11) NOT NULL,
  `created_at` timestamp NULL DEFAULT NULL,
  `updated_at` timestamp NULL DEFAULT NULL
) ENGINE=InnoDB DEFAULT CHARSET=utf8mb4 COLLATE=utf8mb4_unicode_ci;

--
-- Dumping data for table `kategori`
--

INSERT INTO `kategori` (`id_kategori`, `nama_kategori`, `id_departemen`, `created_at`, `updated_at`) VALUES
(1, 'Spare Part', 1, '2022-03-20 21:07:21', '2022-03-20 21:07:21'),
(2, 'Alat Berat', 1, '2022-03-20 21:14:39', '2022-03-20 21:14:39'),
(3, 'Alat Ringan', 1, '2022-03-20 21:14:46', '2022-03-20 21:14:46'),
(4, 'Kendaraan', 1, '2022-03-20 21:14:52', '2022-03-20 21:14:52'),
(5, 'Printer', 3, NULL, NULL),
(6, 'CPU', 3, NULL, NULL),
(7, 'Monitor', 3, NULL, NULL);

-- --------------------------------------------------------

--
-- Table structure for table `level`
--

CREATE TABLE `level` (
  `id_level` int(11) NOT NULL,
  `level` varchar(11) NOT NULL
) ENGINE=InnoDB DEFAULT CHARSET=utf8mb4;

--
-- Dumping data for table `level`
--

INSERT INTO `level` (`id_level`, `level`) VALUES
(1, 'Super Admin'),
(2, 'Admin'),
(3, 'User');

-- --------------------------------------------------------

--
-- Table structure for table `member`
--

CREATE TABLE `member` (
  `id` int(10) UNSIGNED NOT NULL,
  `kode_member` varchar(255) COLLATE utf8mb4_unicode_ci NOT NULL,
  `id_kategori` int(11) NOT NULL,
  `kode_kabin` varchar(255) COLLATE utf8mb4_unicode_ci NOT NULL,
  `nopol` varchar(255) COLLATE utf8mb4_unicode_ci DEFAULT NULL,
  `user` varchar(255) COLLATE utf8mb4_unicode_ci DEFAULT NULL,
  `id_lokasi` int(11) NOT NULL,
  `id_home_base` int(11) DEFAULT 1,
  `created_at` timestamp NULL DEFAULT NULL,
  `updated_at` timestamp NULL DEFAULT NULL
) ENGINE=InnoDB DEFAULT CHARSET=utf8mb4 COLLATE=utf8mb4_unicode_ci;

--
-- Dumping data for table `member`
--

INSERT INTO `member` (`id`, `kode_member`, `id_kategori`, `kode_kabin`, `nopol`, `user`, `id_lokasi`, `id_home_base`, `created_at`, `updated_at`) VALUES
(1, '00001', 4, 'T. 01', 'AA 1528 DH', '', 1, 1, NULL, NULL),
(2, '00002', 4, 'T. 02', 'AA 1527 DH', '', 1, 1, NULL, NULL),
(3, '00003', 4, 'T. 03', 'AA 1354 FH', '', 1, 1, NULL, NULL),
(4, '00004', 4, 'T. 04', 'AA 1351 FH', '', 1, 1, NULL, NULL),
(5, '00005', 4, 'T. 05', 'AA 1422 DH', '', 1, 1, NULL, NULL),
(6, '00006', 4, 'T. 06', 'AA 1423 DH', '', 1, 1, NULL, NULL),
(7, '00007', 4, 'T. 07', 'AA 1424 DH', '', 1, 1, NULL, NULL),
(8, '00008', 4, 'T. 08', 'AA 1399 DH', '', 1, 1, NULL, NULL),
(9, '00009', 4, 'T. 09', 'AA 1489 NB', '', 1, 1, NULL, NULL),
(10, '00010', 4, 'T. 10', 'AA 1491 NB', '', 1, 1, NULL, NULL),
(11, '00011', 4, 'T.11', 'AA 1525 EH', '', 1, 1, NULL, NULL),
(12, '00012', 4, 'T.12', 'AA 1524 EH', '', 1, 1, NULL, NULL),
(13, '00013', 4, 'T.17', 'AA 1521 EH', NULL, 1, 1, NULL, '2022-07-21 15:45:02'),
(14, '00014', 4, 'T.14', 'AA 9273 A', '', 1, 1, NULL, NULL),
(15, '00015', 4, 'T.15', 'AA 9272 A', '', 1, 1, NULL, NULL),
(16, '00016', 4, 'TP01', 'AA 9470 A', '', 1, 1, NULL, NULL),
(17, '00017', 4, 'TP02', 'AA 9471 A', '', 1, 1, NULL, NULL),
(18, '00018', 4, 'TP03', 'AA 9472 A', '', 1, 1, NULL, NULL),
(19, '00019', 4, 'TP04', 'AA 9473 A', '', 1, 1, NULL, NULL),
(20, '00020', 4, 'TP05', 'AA 9474 A', '', 1, 1, NULL, NULL),
(21, '00021', 4, 'TP06', 'AA 9623 A', '', 1, 1, NULL, NULL),
(22, '00022', 4, 'TP07', 'AA 9627 A', '', 1, 1, NULL, NULL),
(23, '00023', 4, 'TP08', 'AA 9624 A', '', 1, 1, NULL, NULL),
(24, '00024', 4, 'TP09', 'AA 9625 A', '', 1, 1, NULL, NULL),
(25, '00025', 4, 'TP10', 'AA 9626 A', '', 1, 1, NULL, NULL),
(26, '00026', 4, 'HD01', 'AA 8604 A', '', 1, 1, NULL, NULL),
(27, '00027', 4, 'HD02', 'AA 8606 A', '', 1, 1, NULL, NULL),
(28, '00028', 4, 'HD03', 'AA 8605 A', '', 1, 1, NULL, NULL),
(29, '00029', 4, 'HD04', 'AA 8610 A', '', 1, 1, NULL, NULL),
(30, '00030', 4, 'HD05', 'AA 8609 A', '', 1, 1, NULL, NULL),
(31, '00031', 4, 'HD06', 'AA 8651 A', '', 1, 1, NULL, NULL),
(32, '00032', 4, 'HD07', 'AA 8650 A', '', 1, 1, NULL, NULL),
(33, '00033', 4, 'HD08', 'AA 8649 A', '', 1, 1, NULL, NULL),
(34, '00034', 4, 'HD09', 'AA 8648 A', '', 1, 1, NULL, NULL),
(35, '00035', 4, 'HD10', 'AA 8647 A', '', 1, 1, NULL, NULL),
(36, '00036', 4, 'HD11', 'AA 8643 A', '', 1, 1, NULL, NULL),
(37, '00037', 4, 'HD12', 'AA 8646 A', '', 1, 1, NULL, NULL),
(38, '00038', 4, 'HD13', 'AA 8644 A', '', 1, 1, NULL, NULL),
(39, '00039', 4, 'HD14', 'AA 8645 A', '', 1, 1, NULL, NULL),
(40, '00040', 4, 'HD15', 'AA 8657 A', '', 1, 1, NULL, NULL),
(41, '00041', 4, 'HD16', 'AA 1563 EH', '', 1, 1, NULL, NULL),
(42, '00042', 4, 'HD17', 'AA 8706 A', '', 1, 1, NULL, NULL),
(43, '00043', 4, 'HD18', 'AA 1565 EH', '', 1, 1, NULL, NULL),
(44, '00044', 4, 'HD19', 'AA 8707 A', '', 1, 1, NULL, NULL),
(45, '00045', 4, 'HD20', 'AA 1567 EH', '', 1, 1, NULL, NULL),
(46, '00046', 4, 'HD21', 'AA 1568 EH', '', 1, 1, NULL, NULL),
(47, '00047', 4, 'HD22', 'AA 1569 EH', '', 1, 1, NULL, NULL),
(48, '00048', 4, 'HD23', 'AA 1570 EH', NULL, 1, 1, NULL, '2022-07-21 15:15:33'),
(49, '00049', 4, 'HD24', 'AA 1571 EH', '', 1, 1, NULL, NULL),
(50, '00050', 4, 'HD25', 'AA 1572 EH', '', 1, 1, NULL, NULL),
(51, '00051', 4, 'HD26', 'AA 9321 A', '', 1, 1, NULL, NULL),
(52, '00052', 4, 'HD27', 'AA 9289 A', '', 1, 1, NULL, NULL),
(53, '00053', 4, 'HD28', 'AA 9320 A', '', 1, 1, NULL, NULL),
(54, '00054', 4, 'HD29', 'AA 9291 A', '', 1, 1, NULL, NULL),
(55, '00055', 4, 'HD30', 'AA 9293 A', '', 1, 1, NULL, NULL),
(56, '00056', 4, 'HD31', 'AA 9319 A', '', 1, 1, NULL, NULL),
(57, '00057', 4, 'HD32', 'AA 9318 A', '', 1, 1, NULL, NULL),
(58, '00058', 4, 'HD33', 'AA 9290 A', '', 1, 1, NULL, NULL),
(59, '00059', 4, 'HD34', 'AA 9317 A', '', 1, 1, NULL, NULL),
(60, '00060', 4, 'HD35', 'AA 9316 A', '', 1, 1, NULL, NULL),
(61, '00061', 4, 'HD36', 'AA 9312 A', '', 1, 1, NULL, NULL),
(62, '00062', 4, 'HD37', 'AA 9311 A', '', 1, 1, NULL, NULL),
(63, '00063', 4, 'HD38', 'AA 9310 A', '', 1, 1, NULL, NULL),
(64, '00064', 4, 'HD39', 'AA 9315 A', '', 1, 1, NULL, NULL),
(65, '00065', 4, 'HD40', 'AA 9314 A', '', 1, 1, NULL, NULL),
(66, '00066', 4, 'HD41', 'AA 9344 A', '', 1, 1, NULL, NULL),
(67, '00067', 4, 'HD42', 'AA 9345 A', '', 1, 1, NULL, NULL),
(68, '00068', 4, 'HD43', 'AA 9346 A', '', 1, 1, NULL, NULL),
(69, '00069', 4, 'HD44', 'AA 9349 A', '', 1, 1, NULL, NULL),
(70, '00070', 4, 'HD45', 'AA 9350 A', '', 1, 1, NULL, NULL),
(71, '00071', 4, 'HD46', 'AA 9351 A', '', 1, 1, NULL, NULL),
(72, '00072', 4, 'HD47', 'AA 9353 A', '', 1, 1, NULL, NULL),
(73, '00073', 4, 'HD48', 'AA 9356 A', '', 1, 1, NULL, NULL),
(74, '00074', 4, 'HD49', 'AA 9357 A', '', 1, 1, NULL, NULL),
(75, '00075', 4, 'HD50', 'AA 9343 A', '', 1, 1, NULL, NULL),
(76, '00076', 4, 'HD51', 'AA 9354 A', '', 1, 1, NULL, NULL),
(77, '00077', 4, 'HD52', 'AA 9348 A', '', 1, 1, NULL, NULL),
(78, '00078', 4, 'HD53', 'AA 9352 A', '', 1, 1, NULL, NULL),
(79, '00079', 4, 'HD54', 'AA 9355 A', '', 1, 1, NULL, NULL),
(80, '00080', 4, 'TM.01', 'AA 1311 EH', '', 1, 1, NULL, NULL),
(81, '00081', 4, 'TM.02', 'AA 1312 EH', '', 1, 1, NULL, NULL),
(82, '00082', 4, 'TM.03', 'AA 1314 EH', '', 1, 1, NULL, NULL),
(83, '00083', 4, 'TM.04', 'AA 1316 EH', '', 1, 1, NULL, NULL),
(84, '00084', 4, 'TM.05', 'AA 1317 EH', '', 1, 1, NULL, NULL),
(85, '00085', 4, 'TM.06', 'AA 1326 EH', '', 1, 1, NULL, NULL),
(86, '00086', 4, 'TM.07', 'AA 1327 EH', '', 1, 1, NULL, NULL),
(87, '00087', 4, 'TM.08', 'AA 1328 EH', '', 1, 1, NULL, NULL),
(88, '00088', 4, 'TM.09', 'AA 8225 A', '', 1, 1, NULL, NULL),
(89, '00089', 4, 'TM.10', 'AA 8248 A', '', 1, 1, NULL, NULL),
(90, '00090', 4, 'TM.11', 'AA 8308 A', '', 1, 1, NULL, NULL),
(91, '00091', 4, 'TM.12', 'AA 8417 A', '', 1, 1, NULL, NULL),
(92, '00092', 4, 'TM.13', 'AA 8524 A', '', 1, 1, NULL, NULL),
(93, '00093', 4, 'TM.14', 'AA 8602 A', '', 1, 1, NULL, NULL),
(94, '00094', 4, 'TM.15', 'AA 8709 A', '', 1, 1, NULL, NULL),
(95, '00095', 4, 'TM.16', 'AA 1427 EH', '', 1, 1, NULL, NULL),
(96, '00096', 4, 'TM.17', 'AA 1425 EH', '', 1, 1, NULL, NULL),
(97, '00097', 4, 'TM.18', 'AA 1426 EH', '', 1, 1, NULL, NULL),
(98, '00098', 4, 'TM.19', 'AA 1428 EH', '', 1, 1, NULL, NULL),
(99, '00099', 4, 'TM.20', 'AA 1429 EH', '', 1, 1, NULL, NULL),
(100, '00100', 4, 'TM.21', 'AA 1442 EH', '', 1, 1, NULL, NULL),
(101, '00101', 4, 'TM.22', 'AA 1443 EH', '', 1, 1, NULL, NULL),
(102, '00102', 4, 'TM.23', 'AA 1445 EH', '', 1, 1, NULL, NULL),
(103, '00103', 4, 'TM.24', 'AA 1446 EH', '', 1, 1, NULL, NULL),
(104, '00104', 4, 'TM.25', 'AA 1447 EH', '', 1, 1, NULL, NULL),
(105, '00105', 4, 'TM.26', 'AA 1455 EH', '', 1, 1, NULL, NULL),
(106, '00106', 4, 'TM.27', 'AA 1456 EH', '', 1, 1, NULL, NULL),
(107, '00107', 4, 'TM.28', 'AA 1457 EH', '', 1, 1, NULL, NULL),
(108, '00108', 4, 'TM.29', 'AA 1458 EH', '', 1, 1, NULL, NULL),
(109, '00109', 4, 'TM.30', 'AA 1459 EH', '', 1, 1, NULL, NULL),
(110, '00110', 4, 'TM.31', 'AA 1501 EH', '', 1, 1, NULL, NULL),
(111, '00111', 4, 'TM.32', 'AA 1502 EH', '', 1, 1, NULL, NULL),
(112, '00112', 4, 'TM.33', 'AA 1503 EH', '', 1, 1, NULL, NULL),
(113, '00113', 4, 'TM.34', 'AA 1504 EH', '', 1, 1, NULL, NULL),
(114, '00114', 4, 'TM.35', 'AA 1505 EH', '', 1, 1, NULL, NULL),
(115, '00115', 4, 'TM.36', 'AA 1506 EH', '', 1, 1, NULL, NULL),
(116, '00116', 4, 'TM.37', 'AA 1507 EH', '', 1, 1, NULL, NULL),
(117, '00117', 4, 'TM.38', 'AA 9308 A', '', 1, 1, NULL, NULL),
(118, '00118', 4, 'TM.39', 'AA 9340 A', '', 1, 1, NULL, NULL),
(119, '00119', 4, 'TM.40', 'AA 9341 A', '', 1, 1, NULL, NULL),
(120, '00120', 4, 'TM.41', 'AA 9342 A', '', 1, 1, NULL, NULL),
(121, '00121', 4, 'TM.42', 'AA 9337 A', '', 1, 1, NULL, NULL),
(122, '00122', 4, 'TM.43', 'AA 9338 A', '', 1, 1, NULL, NULL),
(123, '00123', 4, 'TM.44', 'AA 9610 A', '', 1, 1, NULL, NULL),
(124, '00124', 4, 'TM.45', 'AA 9611 A', '', 1, 1, NULL, NULL),
(125, '00125', 4, 'TM.46', 'AA 9612 A', '', 1, 1, NULL, NULL),
(126, '00126', 4, 'TM.47', 'AA 9613 A', '', 1, 1, NULL, NULL),
(127, '00127', 4, 'TM.48', 'AA 9614 A', '', 1, 1, NULL, NULL),
(128, '00128', 4, 'TM.49', 'AA 9615 A', '', 1, 1, NULL, NULL),
(129, '00129', 4, 'TM.50', 'AA 9616 A', '', 1, 1, NULL, NULL),
(130, '00130', 4, 'TM.51', 'AA 9617 A', '', 1, 1, NULL, NULL),
(131, '00131', 4, 'TM.52', 'AA 9618 A', '', 1, 1, NULL, NULL),
(132, '00132', 4, 'TM.53', 'AA 9606 A', '', 1, 1, NULL, NULL),
(133, '00133', 4, 'FD01', 'AA 9294 A', '', 1, 1, NULL, NULL),
(134, '00134', 4, 'FD02', 'AA 9297 A', '', 1, 1, NULL, NULL),
(135, '00135', 2, 'EX-01', 'Robex 320 LC 3', '', 1, 1, NULL, NULL),
(136, '00136', 2, 'EX-02', 'Robex 320 LC 7', '', 1, 1, NULL, NULL),
(137, '00137', 2, 'EX-03', 'Pc 200 - 7', '', 1, 1, NULL, NULL),
(138, '00138', 2, 'EX-04', 'Pc 200 - 8 ', '', 1, 1, NULL, NULL),
(139, '00139', 2, 'EX-05', '306 E 2', '', 1, 1, NULL, NULL),
(140, '00140', 2, 'EX-06', '306  E 2', 'Nurmadi', 13, 1, NULL, '2022-07-21 22:28:54'),
(141, '00141', 2, 'EX-07', 'Pc 75 UU 3 C', '', 1, 1, NULL, NULL),
(142, '00142', 2, 'EX-08', 'Pc 200 - 8 Mo', '', 1, 1, NULL, NULL),
(143, '00143', 2, 'EX-09', 'EC 210 B 84193', '', 1, 1, NULL, NULL),
(144, '00144', 2, 'EX-10', '320 D', '', 1, 1, NULL, NULL),
(145, '00145', 2, 'EX-11', 'PC 200-8', '', 1, 1, NULL, NULL),
(146, '00146', 2, 'EX-12', 'EC 210 B 84194', '', 1, 1, NULL, NULL),
(147, '00147', 2, 'EX-13', 'DX 63', '', 1, 1, NULL, NULL),
(148, '00148', 2, 'EX-14', 'EC 210 B 84351', '', 1, 1, NULL, NULL),
(149, '00149', 2, 'EX-15', 'Ec 290 LC 18527', '', 1, 1, NULL, NULL),
(150, '00150', 2, 'EX-16', 'EC 290 LC 18856', '', 1, 1, NULL, NULL),
(151, '00151', 2, 'EX-17', 'EC 210 B 84823', '', 1, 1, NULL, NULL),
(152, '00152', 2, 'EX-18', 'U 50-5', '', 1, 1, NULL, NULL),
(153, '00153', 2, 'EX-19', 'U 50 - 5', '', 1, 1, NULL, NULL),
(154, '00154', 2, 'EX-20', 'EC 210 B 84825', '', 1, 1, NULL, NULL),
(155, '00155', 2, 'EX-21', 'EC 210 B 84827', '', 1, 1, NULL, NULL),
(156, '00156', 2, 'EX-22', 'EC 210 D 81514', '', 1, 1, NULL, NULL),
(157, '00157', 2, 'MC-01', 'MR - 100M', '', 1, 1, NULL, NULL),
(158, '00158', 2, 'MC-02', 'KR - 10H', '', 1, 1, NULL, NULL),
(159, '00159', 2, 'VC-01', 'MUC 400', '', 1, 1, NULL, NULL),
(160, '00160', 2, 'VC-02', 'Muc 300 252', '', 1, 1, NULL, NULL),
(161, '00161', 2, 'VC-03', 'Muc 300 252', '', 1, 1, NULL, NULL),
(162, '00162', 2, 'VC-04', 'SV 512 TFE', '', 1, 1, NULL, NULL),
(163, '00163', 2, 'VC-05', 'SW 800', '', 1, 1, NULL, NULL),
(164, '00164', 2, 'VC-06', 'TW 350', '', 1, 1, NULL, NULL),
(165, '00165', 2, 'VC-07', '502 S 1 ', '', 1, 1, NULL, NULL),
(166, '00166', 2, 'VC-08', '502 S 1 ', 'Lifan', 13, 1, NULL, '2022-07-22 16:59:13'),
(167, '00167', 2, 'VC-09', 'SW 652 H - 1K', '', 1, 1, NULL, NULL),
(168, '00168', 2, 'VC-10', 'ASC - 100', '', 1, 1, NULL, NULL),
(169, '00169', 2, 'TD-01', 'YTO 2Y8X10D', '', 1, 1, NULL, NULL),
(170, '00170', 2, 'TD-02', '2Y8X10B', 'Ahmad Sodikun', 13, 1, NULL, '2022-07-20 22:16:31'),
(171, '00171', 2, 'TD-03', '2Y8X10B', '', 1, 1, NULL, NULL),
(172, '00172', 2, 'TD-04', 'YTO 2Y8X10D', '', 1, 1, NULL, NULL),
(173, '00173', 2, 'PM-01', 'PM 102 ', '', 1, 1, NULL, NULL),
(174, '00174', 2, 'BD-01', 'D 21 P', '', 1, 1, NULL, NULL),
(175, '00175', 2, 'BD-02', 'D 31 P', '', 1, 1, NULL, NULL),
(176, '00176', 2, 'BD-03', 'D 31 C', '', 1, 1, NULL, NULL),
(177, '00177', 2, 'BD-04', 'D 31 P-20', '', 1, 1, NULL, NULL),
(178, '00178', 2, 'GR-01', 'LG 2 H', '', 1, 1, NULL, NULL),
(179, '00179', 2, 'TR-01', 'TS-150', '', 1, 1, NULL, NULL),
(180, '00180', 2, 'TR-02', 'TS-150', '', 1, 1, NULL, NULL),
(181, '00181', 2, 'TR-03', 'TS-200', '', 1, 1, NULL, NULL),
(182, '00182', 2, 'TR-04', 'TR-200', '', 1, 1, NULL, NULL),
(183, '00183', 2, 'TR-05', 'TS- 200', '', 1, 1, NULL, NULL),
(184, '00184', 2, 'TR-06', 'TS-200', '', 1, 1, NULL, NULL),
(185, '00185', 2, 'TR-07', 'TS- 205', '', 1, 1, NULL, NULL),
(186, '00186', 2, 'TR-08', 'TS- 205', '', 1, 1, NULL, NULL),
(187, '00187', 2, 'AF-01', 'NF 63 C', '', 1, 1, NULL, NULL),
(188, '00188', 2, 'AF-02', ' NFW 130', '', 1, 1, NULL, NULL),
(189, '00189', 2, 'AF-03', 'F 31 C Biru', '', 1, 1, NULL, NULL),
(190, '00190', 2, 'AF-04', 'NFB 6 C Hijau', '', 1, 1, NULL, NULL),
(191, '00191', 2, 'AF-05', 'HA 60  W-2', '', 1, 1, NULL, NULL),
(192, '00192', 2, 'AF-06', 'MF 41 WD', '', 1, 1, NULL, NULL),
(193, '00193', 2, 'AF-07', 'HB 40 C 2', '', 1, 1, NULL, NULL),
(194, '00194', 2, 'AF-08', '1600 -1', '', 1, 1, NULL, NULL),
(195, '00195', 2, 'AF-09', 'SD 2500 CS', 'Manan', 13, 1, NULL, '2022-07-20 21:34:26'),
(196, '00196', 2, 'AF-10', 'SD 2500 CS', '', 1, 1, NULL, NULL),
(197, '00197', 2, 'WL-01', 'Maruishi WA 350', '', 1, 1, NULL, NULL),
(198, '00198', 2, 'WL-02', 'WA 350 - 3E', '', 1, 1, NULL, NULL),
(199, '00199', 2, 'WL-03', 'WA 200-5', '', 1, 1, NULL, NULL),
(200, '00200', 2, 'WL-04', 'WA 320', '', 1, 1, NULL, NULL),
(201, '00201', 2, 'WL-05', 'SD 2500N', '', 1, 1, NULL, NULL),
(202, '00202', 2, 'WL-06', 'WA 200 - 3', '', 1, 1, NULL, NULL),
(203, '00203', 2, 'WL-07', 'WA 200 - 3', '', 1, 1, NULL, NULL),
(204, '00204', 2, 'WL-08', '937 H', '', 1, 1, NULL, NULL),
(205, '00205', 2, 'WL-09', '937 H', '', 1, 1, NULL, NULL),
(206, '00206', 2, 'WL-10', 'WA 320-5', '', 1, 1, NULL, NULL),
(207, '00207', 2, 'WL-11', 'WA 320-5', '', 1, 1, NULL, NULL),
(208, '00208', 2, 'WL-12', 'WA 320-3', '', 1, 1, NULL, NULL),
(209, '00209', 2, 'WL-13', 'SD 200 N', '', 1, 1, NULL, NULL),
(210, '00210', 2, 'WL-14', 'SD 300 N', '', 1, 1, NULL, NULL),
(211, '00211', 2, 'WL-15', 'SD 300 N', '', 1, 1, NULL, NULL),
(212, '00212', 2, 'WL-16', 'SD 300 N', '', 1, 1, NULL, NULL),
(213, '00213', 2, 'WL-17', 'SD 300 N', '', 1, 1, NULL, NULL),
(214, '00214', 2, 'WL-18', 'L 956 F', '', 1, 1, NULL, NULL),
(215, '00215', 2, 'TR-01', 'Head Trailer', '', 1, 1, NULL, NULL),
(216, '00216', 2, 'TR-02', 'Head Trailer', '', 1, 1, NULL, NULL),
(217, '00217', 4, 'Selfloader', 'AA 9221 A', 'Suherwanto', 1, 1, NULL, '2022-08-11 16:44:55'),
(218, '00218', 2, 'FL-01', 'Forklift', '', 1, 1, NULL, NULL),
(219, '00219', 2, 'TC-01', 'Tower Crane', '', 1, 1, NULL, NULL),
(223, '00220', 4, 'Towing', 'AA 1621 CH', 'Muh. Tadin', 1, 1, '2022-05-23 04:16:56', '2022-09-08 22:38:00'),
(228, '00224', 4, 'DP 09', 'AA 1325 FH', 'Deddy Julianto', 10, 1, '2022-05-23 05:37:06', '2022-05-23 05:37:06'),
(229, '00225', 4, 'D 33', 'AA 1508 MH', 'Sisyadi', 1, 1, '2022-05-24 03:52:22', '2022-05-24 03:52:22'),
(232, '00227', 2, 'C 07', 'AA 1976 AH', 'Restu Yustiawan', 11, 1, '2022-05-28 04:01:43', '2022-05-28 04:01:43'),
(233, '00228', 4, 'E12', 'AA 1636 CH', 'Edi Parmono', 1, 1, '2022-06-02 08:33:10', '2022-07-21 17:44:01'),
(235, '00230', 4, 'D31', 'AA 1506 MH', 'Rochmat Agus Musafak', 1, 1, '2022-06-03 09:55:33', '2022-07-21 17:44:19'),
(236, '00231', 4, 'Trailler', 'AA 8219 AA', 'Sulistyo', 1, 1, '2022-06-09 03:02:23', '2022-07-21 17:44:53'),
(237, '00232', 4, 'Mobil Cran', '.', 'Arip', 11, 1, '2022-06-09 04:14:43', '2022-07-22 16:05:18'),
(238, '00233', 4, 'D18', 'AA 1465 EH', 'Sulis', 1, 1, '2022-06-13 07:51:03', '2022-07-21 17:45:08'),
(240, '00234', 3, 'Genset Cummins 275 KVA', 'GS-09', 'Adi Joko M', 1, 1, '2022-06-16 17:55:03', '2022-07-28 21:28:22'),
(241, '00235', 4, 'Panther Pick Up', 'AA 1739 KA', 'Feri Kusmiyanto', 1, 1, '2022-06-16 18:18:15', '2022-07-21 17:45:23'),
(242, '00236', 1, 'Molen Herkules', '.', 'Budi Ari', 1, 1, '2022-06-16 18:32:10', '2022-06-16 18:32:10'),
(243, '00237', 3, 'AC-08', 'Compressor Arman PDS-185', 'Darkoni', 1, 1, '2022-06-17 21:42:25', '2022-07-22 16:04:56'),
(244, '00238', 3, 'Genset Hartech', '.', 'Mujazin', 5, 1, '2022-06-18 17:24:48', '2022-07-22 16:05:57'),
(245, '00239', 4, 'L 300 ( HO )', 'AA 8654 A', '.', 1, 1, '2022-06-20 17:08:41', '2022-07-22 16:10:22'),
(246, '00240', 1, 'Screen AMP', '.', 'Mustakim', 3, 1, '2022-06-20 17:38:11', '2022-06-20 17:38:11'),
(248, '00241', 2, 'AF-05', 'Ashpalt Finisher', 'Subejo', 1, 1, '2022-06-20 23:12:36', '2022-07-22 16:06:16'),
(249, '00242', 4, 'L300', 'AA 8655 A', 'Takyin', 1, 1, '2022-06-21 15:24:43', '2022-07-22 16:06:53'),
(250, '00243', 4, 'Panther 8608', 'AA 8608 A', 'Ahmad Royani', 1, 1, '2022-06-21 15:35:19', '2022-09-03 17:52:27'),
(251, '00244', 4, 'DT-09', 'AA 8648 A', 'M.Tohir', 1, 1, '2022-06-21 15:45:16', '2022-07-22 16:08:10'),
(252, '00245', 4, 'L 300 9760', 'AA 9760 A', 'Aat', 1, 1, '2022-06-23 16:22:20', '2022-07-22 16:09:44'),
(253, '00246', 4, 'L300 8825', 'AA 8825 A', 'Aat', 1, 1, '2022-06-23 16:25:49', '2022-07-22 16:08:35'),
(254, '00247', 1, 'C 03', 'AA 1508 EH', 'Yanuar', 11, 1, '2022-06-30 18:09:16', '2022-06-30 18:09:16'),
(255, '00248', 1, 'L300 8653', 'AA 8653 A', 'Hamidin', 1, 1, '2022-07-02 16:10:08', '2022-07-02 16:10:08'),
(256, '00249', 1, 'VIBRO SAKAI SV 512 TS', 'SV 512 TS', 'Suradi', 1, 1, '2022-07-02 16:47:16', '2022-07-02 16:47:16'),
(257, '00250', 4, 'D 19', 'AA 1466 EH', 'Rohmad S.', 1, 1, '2022-07-02 17:20:47', '2022-07-22 16:10:45'),
(258, '00251', 4, 'L300 1802', 'AA 1802 GH', 'Proyek', 1, 1, '2022-07-02 17:26:06', '2022-07-22 16:09:17'),
(259, '00252', 4, 'D33', 'AA 1508 MH', 'Sisyadi', 1, 1, '2022-07-02 22:23:39', '2022-07-22 16:07:16'),
(260, '00253', 3, 'Genset Cummins 50 KVA', 'Genset Cummins 50 KVA', 'Adi Joko M.', 3, 1, '2022-07-02 22:27:35', '2022-07-22 16:07:44'),
(261, '00254', 3, 'Genset Perkins 500 KVA', 'Genset Perkins 500 KVA', 'Adi Joko M.', 5, 1, '2022-07-02 22:30:55', '2022-07-22 16:07:05'),
(262, '00255', 3, 'Baby Roller Kubota', 'BR-02', 'Darkoni', 1, 1, '2022-07-02 22:37:17', '2022-07-22 16:06:41'),
(263, '00256', 2, 'CP-04', 'AA 1968 AH', 'Aris Herwanto', 5, 1, '2022-07-06 21:44:02', '2022-11-03 17:46:14'),
(264, '00257', 4, 'E10', 'AA 1634 CH', 'Waliyanto', 1, 1, '2022-07-16 15:29:28', '2022-07-22 16:06:28'),
(265, '00258', 4, 'D30', 'AA 1505 MH', 'Tugiran', 1, 1, '2022-07-16 15:44:37', '2022-07-22 16:05:38'),
(266, '00259', 3, 'AC-04', 'Compressor Nissan', 'Darkoni', 1, 1, '2022-07-16 15:54:59', '2022-07-22 16:08:22'),
(267, '00260', 4, 'Pick Up 8810', 'AA 8810 A', 'Alip', 3, 1, '2022-07-16 16:00:26', '2022-07-21 21:35:54'),
(271, '00261', 2, 'Cold Milling PM-102', 'CM-01', 'Ichsan', 1, 1, '2022-07-22 16:12:35', '2022-07-22 16:12:35'),
(272, '00262', 4, 'Pick Up 1772', 'AA 1772 KA', 'Adi Cahyono', 1, 1, '2022-07-22 16:40:33', '2022-07-22 16:40:33'),
(273, '00263', 4, 'L300 1754', 'AA 1754 KA', 'M. Anis', 1, 1, '2022-07-28 15:39:55', '2022-07-28 15:39:55'),
(274, '00264', 4, 'L300 8658', 'AA 8658 A', 'Ahmad Saefudin', 1, 1, '2022-08-11 16:40:27', '2022-08-11 16:40:27'),
(275, '00265', 4, 'L300 9564', 'AA 9564 A', 'sony r', 1, 1, '2022-08-15 17:14:36', '2022-08-15 17:14:36'),
(276, '00266', 3, 'Genset Perkins 125 KVA', 'Perkins 125 KVA', 'Alip', 5, 1, '2022-08-19 17:25:17', '2022-08-19 17:25:17'),
(277, '00267', 4, 'L300 1945', 'AA 1945 HA', 'Feri Kusmiyanto', 1, 1, '2022-08-22 16:39:52', '2022-08-22 16:39:52'),
(278, '00268', 3, 'BR-08', 'Baby Roller Hitachi', 'Budi Ari', 1, 1, '2022-08-29 18:12:23', '2022-08-29 18:12:23'),
(279, '00269', 3, 'GS-10', 'Genset Cumming Dongfeng', 'Darkoni', 1, 1, '2022-08-29 21:43:27', '2022-08-29 21:43:27'),
(280, '00270', 3, 'GS-34', 'Genset Maxtron', 'Darkoni', 1, 1, '2022-08-29 21:43:51', '2022-08-29 21:43:51'),
(281, '00271', 4, 'L300 1745', 'AA 1745 KA', 'Adi Cahyono', 1, 1, '2022-09-03 16:23:14', '2022-09-03 16:23:14'),
(282, '00272', 3, 'GS-13', 'Genset Honda Tenka', 'Budi Ari', 1, 1, '2022-09-07 20:42:02', '2022-09-07 20:42:02'),
(283, '00273', 3, 'GS Perkins 100 kva', 'GS Perkins 100 kva', 'Adi Joko', 3, 1, '2022-09-08 22:25:18', '2022-09-08 22:25:18'),
(284, '00274', 4, 'L300 1879', 'AA 1879 HA', 'Surandi', 1, 1, '2022-09-19 18:18:14', '2022-09-19 18:18:14'),
(285, '00275', 3, 'Genset 1006 TAG-STAMFORD', 'GS 14', 'Adi Joko', 1, 1, '2022-09-20 21:44:20', '2022-09-20 21:44:20'),
(286, '00276', 2, 'DUTRO CRANE C 01', 'C 01', 'Darkoni', 1, 1, '2022-09-20 21:48:23', '2022-09-20 21:48:23'),
(287, '00277', 3, 'Molen Dongfeng', 'ML-05', 'Darkoni', 1, 1, '2022-09-20 22:00:21', '2022-09-20 22:00:21'),
(288, '00278', 4, 'DP 03', 'AA 9896 A', 'Eko K', 1, 1, '2022-10-10 16:23:10', '2022-10-10 16:23:10'),
(289, '00279', 4, 'E 12', 'AA 1636 A', 'Suud', 5, 1, '2022-10-10 17:49:44', '2022-10-10 17:49:44'),
(290, '00280', 3, 'BR 03', 'HITACHI', 'Budi Ari', 1, 1, '2022-10-10 17:52:47', '2022-10-10 17:52:47'),
(291, '00281', 4, 'L 300 9566', 'AA 9566 A', NULL, 0, 1, '2022-11-03 17:40:05', '2022-11-03 17:40:05'),
(295, '00283', 3, 'General ET 7000 LE', 'GS-24', NULL, 1, 1, '2022-11-04 17:45:47', '2022-11-04 17:48:10'),
(309, '00284', 2, 'Tire Roller Sakai TS-200', 'TRO-03', NULL, 1, 1, '2022-11-04 17:59:39', '2022-11-04 17:59:52'),
(310, '00285', 3, 'AS-01', 'Aspalt Sprayer Tianli', NULL, 1, 1, '2022-11-04 18:20:07', '2022-11-04 18:21:07'),
(311, '00286', 3, 'BR-01', 'Baby Roller Yanmar TS-60', NULL, 1, 1, '2022-11-04 20:56:53', '2022-11-04 20:56:59'),
(312, '00287', 4, 'L300', 'AA 9566 A', NULL, 1, 1, '2022-11-04 21:51:17', '2022-11-04 21:51:40'),
(313, '00288', 2, 'Vibro Ammann SC 100', 'VC-10', NULL, 1, 1, '2022-11-05 15:46:50', '2022-11-05 15:46:56'),
(314, '00289', 4, 'L300', 'AA 9760 A', NULL, 1, 1, '2022-11-07 23:13:44', '2022-11-07 23:13:52'),
(315, '00290', 3, 'PD-05', 'Compressor Airman', NULL, 1, 1, '2022-11-09 22:46:19', '2022-11-09 22:46:26');

-- --------------------------------------------------------

--
-- Table structure for table `migrations`
--

CREATE TABLE `migrations` (
  `id` int(10) UNSIGNED NOT NULL,
  `migration` varchar(255) COLLATE utf8mb4_unicode_ci NOT NULL,
  `batch` int(11) NOT NULL
) ENGINE=InnoDB DEFAULT CHARSET=utf8mb4 COLLATE=utf8mb4_unicode_ci;

--
-- Dumping data for table `migrations`
--

INSERT INTO `migrations` (`id`, `migration`, `batch`) VALUES
(1, '2014_10_12_000000_create_users_table', 1),
(2, '2014_10_12_100000_create_password_resets_table', 1),
(3, '2014_10_12_200000_add_two_factor_columns_to_users_table', 1),
(4, '2019_08_19_000000_create_failed_jobs_table', 1),
(5, '2019_12_14_000001_create_personal_access_tokens_table', 1),
(6, '2021_03_05_194740_tambah_kolom_baru_to_users_table', 1),
(7, '2021_03_05_195441_buat_kategori_table', 1),
(8, '2021_03_05_195949_buat_produk_table', 1),
(9, '2021_03_05_200515_buat_member_table', 1),
(10, '2021_03_05_200706_buat_supplier_table', 1),
(11, '2021_03_05_200841_buat_pembelian_table', 1),
(12, '2021_03_05_200845_buat_pembelian_detail_table', 1),
(13, '2021_03_05_200853_buat_penjualan_table', 1),
(14, '2021_03_05_200858_buat_penjualan_detail_table', 1),
(15, '2021_03_05_200904_buat_setting_table', 1),
(16, '2021_03_05_201756_buat_pengeluaran_table', 1),
(17, '2021_03_11_225128_create_sessions_table', 1),
(18, '2021_03_24_115009_tambah_foreign_key_to_produk_table', 1),
(19, '2021_03_24_131829_tambah_kode_produk_to_produk_table', 1),
(20, '2021_05_08_220315_tambah_diskon_to_setting_table', 1),
(21, '2021_05_09_124745_edit_id_member_to_penjualan_table', 1),
(22, '2022_03_22_011518_tambah_nopol_to_member_table', 2),
(23, '2022_03_22_023202_create_mekanik_table', 3),
(24, '2022_03_22_071243_buat_permintaan_table', 4),
(26, '2022_03_22_101232_drop_member_table', 5),
(27, '2022_03_22_101531_create_member_table', 6),
(28, '2022_03_23_033440_edit_id_to_permintaan_table', 7),
(29, '2022_03_23_083444_create_pemeriksaan_table', 8),
(30, '2022_03_25_131623_create_sparepart_table', 8),
(31, '2022_03_25_141312_create_servicedetail_table', 9),
(32, '2022_03_26_141727_change_kode_permintaan_of_service_table', 10),
(33, '2022_03_26_142020_change_id_permintaan_of_service_table', 11),
(34, '2022_03_26_143744_change_mekanik_on_permintaan_table', 12),
(35, '2022_03_30_100018_create_petugas_table', 13),
(36, '2022_04_04_100640_create_table_lokasi', 14),
(37, '2022_04_04_111200_create_table_barang', 15),
(38, '2022_04_06_104352_create_kartu_stok_table', 15),
(39, '2022_04_06_105702_add_id_barang_to_kartu_stok_table', 16),
(40, '2022_04_07_074824_add_total_item_to_permintaan_table', 17),
(41, '2022_04_07_083807_create_permintaan_detail_table', 18),
(42, '2022_09_06_113034_create_barang_keluar_table', 19),
(43, '2022_10_28_102818_create_table_tb_ren', 19),
(44, '2022_10_31_161247_create_pr_detail_table', 19),
(45, '2022_11_09_133332_create_penerimaan_table', 19),
(46, '2022_11_09_153331_create_penerimaan_detail_table', 19);

-- --------------------------------------------------------

--
-- Table structure for table `mobilisasi`
--

CREATE TABLE `mobilisasi` (
  `id_mobilisasi` int(11) NOT NULL,
  `tanggal` date NOT NULL,
  `kode_mobilisasi` varchar(255) NOT NULL,
  `pemohon` varchar(255) NOT NULL,
  `id_lokasi_pemohon` int(11) NOT NULL,
  `total_item` int(11) NOT NULL,
  `keterangan` varchar(255) DEFAULT NULL,
  `tanggal_kembali` date DEFAULT NULL,
  `status` tinyint(1) NOT NULL,
  `created_at` timestamp NOT NULL DEFAULT current_timestamp(),
  `updated_at` timestamp NOT NULL DEFAULT current_timestamp()
) ENGINE=InnoDB DEFAULT CHARSET=utf8mb4;

--
-- Dumping data for table `mobilisasi`
--

INSERT INTO `mobilisasi` (`id_mobilisasi`, `tanggal`, `kode_mobilisasi`, `pemohon`, `id_lokasi_pemohon`, `total_item`, `keterangan`, `tanggal_kembali`, `status`, `created_at`, `updated_at`) VALUES
(7, '2022-07-19', 'MB00001', 'Erwin/Guntur', 13, 1, 'finisher af-09. Mob dari Bc Klontong ke Kedu. no SP=0002273.', NULL, 1, '2022-07-20 21:33:30', '2022-07-21 16:13:26'),
(8, '2022-07-19', 'MB00002', 'Erwin/Guntur', 13, 1, 'Static Roller. TD 02\r\nMob dari Bc Klontong ke Kedu. \r\nNo Sp=0002274', NULL, 1, '2022-07-20 22:15:56', '2022-07-20 22:23:41'),
(9, '2022-03-14', 'MB00003', 'Guntur', 13, 1, 'Exca. Caterpillar 306-E2\r\nMob dari Bc Klontong ke Wonosobo', NULL, 1, '2022-07-21 22:28:19', '2022-07-21 22:28:54'),
(10, '2022-03-16', 'MB00004', 'Guntur', 13, 1, 'Combination Vibro. (Tandem )Sakai. VC 08\r\nMob dari Bc Klontong ke Wonosobo', NULL, 1, '2022-07-22 16:58:46', '2022-07-22 16:59:13');

-- --------------------------------------------------------

--
-- Table structure for table `mobilisasi_detail`
--

CREATE TABLE `mobilisasi_detail` (
  `id_mobilisasi_detail` int(11) NOT NULL,
  `id_mobilisasi` int(11) NOT NULL,
  `id_aset` int(11) NOT NULL,
  `lokasi_awal` int(11) NOT NULL,
  `lokasi_tujuan` int(11) DEFAULT NULL,
  `user` varchar(255) DEFAULT NULL,
  `tanggal_awal` date NOT NULL,
  `tanggal_akhir` date DEFAULT NULL,
  `tanggal_kembali` date DEFAULT NULL,
  `status` int(11) DEFAULT 1,
  `created_at` timestamp NOT NULL DEFAULT current_timestamp(),
  `updated_at` timestamp NOT NULL DEFAULT current_timestamp()
) ENGINE=InnoDB DEFAULT CHARSET=utf8mb4;

--
-- Dumping data for table `mobilisasi_detail`
--

INSERT INTO `mobilisasi_detail` (`id_mobilisasi_detail`, `id_mobilisasi`, `id_aset`, `lokasi_awal`, `lokasi_tujuan`, `user`, `tanggal_awal`, `tanggal_akhir`, `tanggal_kembali`, `status`, `created_at`, `updated_at`) VALUES
(3, 7, 195, 1, 13, 'Manan', '2022-07-19', '2022-07-19', NULL, 1, '2022-07-20 21:34:15', '2022-07-20 21:34:15'),
(4, 8, 170, 1, 13, 'Ahmad Sodikun', '2022-07-19', '2022-07-19', NULL, 1, '2022-07-20 22:16:26', '2022-07-20 22:16:26'),
(5, 9, 140, 1, 13, 'Nurmadi', '2022-03-14', '2022-03-14', NULL, 1, '2022-07-21 22:28:48', '2022-07-21 22:28:48'),
(6, 10, 166, 1, 13, 'Lifan', '2022-03-16', '2022-03-16', NULL, 1, '2022-07-22 16:59:08', '2022-07-22 16:59:08');

-- --------------------------------------------------------

--
-- Table structure for table `password_resets`
--

CREATE TABLE `password_resets` (
  `email` varchar(255) COLLATE utf8mb4_unicode_ci NOT NULL,
  `token` varchar(255) COLLATE utf8mb4_unicode_ci NOT NULL,
  `created_at` timestamp NULL DEFAULT NULL
) ENGINE=InnoDB DEFAULT CHARSET=utf8mb4 COLLATE=utf8mb4_unicode_ci;

-- --------------------------------------------------------

--
-- Table structure for table `penerimaan`
--

CREATE TABLE `penerimaan` (
  `id_penerimaan` bigint(20) UNSIGNED NOT NULL,
  `nomor_terima` varchar(255) COLLATE utf8mb4_unicode_ci NOT NULL,
  `id_perencanaan` bigint(20) UNSIGNED NOT NULL,
  `penerima` varchar(255) COLLATE utf8mb4_unicode_ci NOT NULL,
  `user_input` int(11) NOT NULL,
  `user_update` int(11) NOT NULL,
  `user_delete` int(11) NOT NULL,
  `deleted_at` timestamp NULL DEFAULT NULL,
  `created_at` timestamp NULL DEFAULT NULL,
  `updated_at` timestamp NULL DEFAULT NULL
) ENGINE=InnoDB DEFAULT CHARSET=utf8mb4 COLLATE=utf8mb4_unicode_ci;

-- --------------------------------------------------------

--
-- Table structure for table `penerimaan_detail`
--

CREATE TABLE `penerimaan_detail` (
  `id_penerimaan_detail` bigint(20) UNSIGNED NOT NULL,
  `id_penerimaan` bigint(20) UNSIGNED NOT NULL,
  `id_perencanaan` bigint(20) UNSIGNED NOT NULL,
  `id_perencanaan_detail` bigint(20) UNSIGNED NOT NULL,
  `id_barang` bigint(20) UNSIGNED NOT NULL,
  `jumlah_terima` int(11) NOT NULL,
  `harga_terima` int(11) NOT NULL,
  `subtotal_terima` int(11) NOT NULL,
  `status_penerimaan` varchar(255) COLLATE utf8mb4_unicode_ci NOT NULL,
  `penerima` varchar(255) COLLATE utf8mb4_unicode_ci NOT NULL,
  `user_input` bigint(20) UNSIGNED NOT NULL,
  `user_update` bigint(20) UNSIGNED NOT NULL,
  `user_delete` bigint(20) UNSIGNED NOT NULL,
  `deleted_at` timestamp NULL DEFAULT NULL,
  `created_at` timestamp NULL DEFAULT NULL,
  `updated_at` timestamp NULL DEFAULT NULL
) ENGINE=InnoDB DEFAULT CHARSET=utf8mb4 COLLATE=utf8mb4_unicode_ci;

-- --------------------------------------------------------

--
-- Table structure for table `permintaan`
--

CREATE TABLE `permintaan` (
  `id` int(10) UNSIGNED NOT NULL,
  `tanggal` date NOT NULL,
  `kode_permintaan` varchar(255) COLLATE utf8mb4_unicode_ci NOT NULL,
  `kode_customer` varchar(255) COLLATE utf8mb4_unicode_ci NOT NULL,
  `id_lokasi` int(11) NOT NULL,
  `user` varchar(255) COLLATE utf8mb4_unicode_ci DEFAULT NULL,
  `Keluhan` longtext COLLATE utf8mb4_unicode_ci DEFAULT NULL,
  `total_item` int(11) NOT NULL,
  `total_harga` int(11) NOT NULL,
  `id_mekanik` varchar(255) COLLATE utf8mb4_unicode_ci NOT NULL,
  `status` varchar(255) COLLATE utf8mb4_unicode_ci NOT NULL DEFAULT 'submited',
  `created_at` timestamp NULL DEFAULT NULL,
  `updated_at` timestamp NULL DEFAULT NULL
) ENGINE=InnoDB DEFAULT CHARSET=utf8mb4 COLLATE=utf8mb4_unicode_ci;

--
-- Dumping data for table `permintaan`
--

INSERT INTO `permintaan` (`id`, `tanggal`, `kode_permintaan`, `kode_customer`, `id_lokasi`, `user`, `Keluhan`, `total_item`, `total_harga`, `id_mekanik`, `status`, `created_at`, `updated_at`) VALUES
(40, '2022-04-13', 'PM00001', '00097', 9, '-', 'Cek rem depan , karena minyak rembes.', 0, 0, '7', 'Selesai', '2022-04-14 02:35:22', '2022-05-28 03:52:35'),
(41, '2022-04-13', 'PM00002', '00099', 9, '-', 'Ganti kampas rem depan dan las slebor belakang kiri', 0, 0, '6', 'Selesai', '2022-04-14 02:36:04', '2022-05-28 03:52:14'),
(43, '2022-04-22', 'PM00003', '00037', 1, 'eko p', 'filter solar atas, filter solar bawah', 0, 0, '2', 'Selesai', '2022-05-23 03:38:09', '2022-05-23 04:01:34'),
(44, '2022-04-19', 'PM00004', '00063', 1, 'Rofii', 'ganti filter solar dan kuras tangki', 0, 0, '2', 'Selesai', '2022-05-23 04:03:37', '2022-05-23 04:03:58'),
(45, '2022-04-14', 'PM00005', '00012', 1, 'Wahyu Nugroho', 'ganti kampas rem duah ( 2 ) buah, ganti filter solar , tambah oli mesin ( 5 liter )', 0, 0, '4', 'Selesai', '2022-05-23 04:07:42', '2022-05-23 04:08:10'),
(46, '2022-04-18', 'PM00006', '00075', 1, 'Kholik', 'mesin brebet dan tenaga ngompos', 0, 0, '8', 'Selesai', '2022-05-23 04:14:08', '2022-05-23 04:14:34'),
(47, '2022-04-18', 'PM00007', '00220', 1, 'Muh. Tadin', 'ganti kep. rem belakang kiri 4 buah.\r\nganti kampas rem 1 set. \r\nganti seal roda belakang 1 buah.\r\nganti oli mesin.', 0, 0, '7', 'Selesai', '2022-05-23 04:20:56', '2022-05-23 04:44:26'),
(48, '2022-05-10', 'PM00008', '00037', 1, 'Eko P', 'ganti master kopling atas ( ambil dari HD 07 ).\r\nganti master kopling bawah ( baru ).\r\nsetel rem.', 0, 0, '2', 'Selesai', '2022-05-23 04:43:50', '2022-05-23 04:44:28'),
(49, '2022-05-11', 'PM00009', '00060', 1, 'Suprihatin', 'ngoplos ban depan. HD 35 ambil ban dari HD 26 ( depan kanan-kiri )', 0, 0, '2', 'Selesai', '2022-05-23 04:46:09', '2022-05-23 04:46:34'),
(50, '2022-04-23', 'PM00010', '00221', 1, 'Rohmad S.', 'las pengaman, las bumper dan las kait gandeng.', 0, 0, '15', 'Selesai', '2022-05-23 04:52:13', '2022-05-23 04:52:45'),
(51, '2022-05-12', 'PM00011', '00060', 1, 'Suprihatin', 'ganti seal rem depan kanan 2 buah.', 0, 0, '2', 'Selesai', '2022-05-23 04:53:59', '2022-05-23 04:54:15'),
(52, '2022-05-16', 'PM00012', '00034', 1, 'M. Tohir', 'ganti master kopling bawah.\r\nganti break 1 set.', 0, 0, '8', 'Selesai', '2022-05-23 04:56:40', '2022-05-23 04:56:54'),
(53, '2022-05-10', 'PM00013', '00033', 1, 'M. Rofik', 'ganti master kopling atas dari HD 40', 0, 0, '6', 'Selesai', '2022-05-23 05:00:45', '2022-05-23 05:02:00'),
(54, '2022-04-23', 'PM00014', '00148', 1, 'Indra Wijaya', 'Kaca depan bawah pecah', 0, 0, '11', 'Selesai', '2022-05-23 05:15:27', '2022-05-23 05:15:42'),
(55, '2022-04-22', 'PM00015', '00060', 1, 'Suprihatin', 'pasang sambungan bak.', 0, 0, '16', 'Selesai', '2022-05-23 05:30:06', '2022-05-23 05:30:20'),
(58, '2022-04-18', 'PM00018', '00155', 10, 'Deddy Julianto', 'Low power.', 0, 0, '2', 'Selesai', '2022-05-23 08:07:01', '2022-06-04 02:13:18'),
(59, '2022-04-18', 'PM00019', '00177', 1, 'Muhibun', 'seal adjust track 2 kanan kiri.\r\nseal bomb 1 kiri.\r\nservice ganti oli.\r\nservice radiator.', 0, 0, '2', 'Selesai', '2022-05-23 08:09:52', '2022-06-04 02:18:05'),
(60, '2022-04-18', 'PM00020', '00224', 10, 'Deddy Julianto', 'plat kopling rusak', 0, 0, '2', 'Selesai', '2022-05-23 08:24:37', '2022-07-16 15:58:51'),
(61, '2022-05-23', 'PM00021', '00044', 1, 'Yunarwanto', 'kipas radiator lemah.\r\ncek oli transmisi.\r\ncek oli rem.\r\ncek join kopel.\r\ncek laker roda depan.\r\nganti oli silikon fan 4 buah.', 0, 0, '8', 'Selesai', '2022-05-24 03:50:10', '2022-05-24 03:50:44'),
(62, '2022-05-23', 'PM00022', '00225', 1, 'Sisyadi', 'ganti filter solar atas ganti filter solar bawah 1008.\r\nganti selang hidrolik rem  1,5 m.\r\nganti klemp.\r\noli hidrolik 10 liter.', 0, 0, '8', 'Selesai', '2022-05-24 03:54:24', '2022-05-24 03:54:48'),
(63, '2022-05-12', 'PM00023', '00013', 1, 'M. Arifin', 'Ganti filter solar. Jok Oli transmisi. Oli 10(hidrolis) 15 liter', 0, 0, '4', 'Selesai', '2022-05-27 07:41:07', '2022-07-21 16:08:03'),
(64, '2022-05-17', 'PM00024', '00021', 1, 'Sholeh Mardjani', 'Baut nap as lepas (Ganti baut nap 1 buah). Pompa Solar Rembes(perbaikan), Setel Rem.', 0, 0, '6', 'Selesai', '2022-05-27 07:43:21', '2022-05-27 07:45:39'),
(65, '2022-05-13', 'PM00025', '00021', 1, 'Sholeh Mardjani', 'Kabel PTO putus. (Ganti kabel PTO sepanjang 6 meter)', 0, 0, '4', 'Selesai', '2022-05-27 07:44:33', '2022-05-27 07:45:46'),
(66, '2022-05-27', 'PM00026', '00227', 11, 'Restu Yustiawan', 'ganti seal rem.\r\nstel rem.\r\nstel mesin.', 0, 0, '2', 'Selesai', '2022-05-28 04:03:04', '2022-06-04 02:16:32'),
(67, '2022-05-28', 'PM00027', '00023', 1, 'Muh. Tadin', 'booster kopling bawah bocor.\r\npompa solar bocor.\r\nstel rem.\r\ntambah oli mesin.', 0, 0, '5', 'Selesai', '2022-05-28 04:04:29', '2022-06-03 02:50:52'),
(68, '2022-05-23', 'PM00028', '00025', 1, 'Purwoko', 'Ganti ban blkg kanan\r\nganti baut roda blkg kanan (8pcs)\r\nganti keep rem blkg kanan (2pcs)\r\nganti seal roda blkg kanan(1 pcs)\r\nganti filter solar atas (1 buah)\r\ntambah oli silikon van (5 buah)\r\nradiator', 0, 0, '8', 'Selesai', '2022-05-28 09:56:35', '2022-05-28 09:56:58'),
(69, '2022-05-27', 'PM00029', '00044', 1, 'Yunarwanto', 'ganti kampas kopling.\r\nstel rem.', 0, 0, '5', 'Selesai', '2022-06-02 08:30:40', '2022-06-02 08:31:20'),
(70, '2022-05-25', 'PM00030', '00228', 1, 'Edi Parmono', 'ganti klep rem belakang kiri ukuran 1,5 sebanyak 4 buah.\r\nganti klep rem belakang kanan 1,5 sebanyak 4 buah.\r\nganti klep rem depan kanan ukuran 1 3/8 sebanyak 2 buah.\r\nstel rem full.', 0, 0, '7', 'Selesai', '2022-06-02 08:35:55', '2022-06-02 08:36:10'),
(71, '2022-06-03', 'PM00031', '00229', 1, 'Rochmat Agus Musafak', 'tangki solar bocor. sudah dilas tapi tetap bocor. \r\nganti tangki solar dari HD03', 0, 0, '5', 'Selesai', '2022-06-03 09:56:40', '2022-06-03 09:57:05'),
(72, '2022-05-31', 'PM00032', '00209', 9, 'Agus Sumaryanto', 'accu tekor harus dijumper.\r\nfan belt sudah retak-retak.\r\nganti rem depan-belakang.\r\nseal boom bocor.\r\nservice oli mesin + filter oli.\r\noil pump hidrolik bocor.', 0, 0, '2', 'Selesai', '2022-06-04 02:32:50', '2022-07-16 15:58:54'),
(73, '2022-05-31', 'PM00033', '00095', 9, 'Agus Sumaryanto', 'kabel gas PTO putus, perlu ganti.', 0, 0, '2', 'Selesai', '2022-06-04 02:34:28', '2022-07-16 15:58:57'),
(74, '2022-05-31', 'PM00034', '00097', 9, 'Agus Sumaryanto', 'kendangan knalpot patah.\r\nban tronton kiri 4 pcs sudah halus.', 0, 0, '2', 'Selesai', '2022-06-04 02:35:24', '2022-07-16 15:58:57'),
(75, '2022-05-31', 'PM00035', '00214', 10, 'Deddy Julianto', 'service rutin.\r\nganti oli mesin.\r\nganti filter solar.\r\nganti filter hydraulic.', 0, 0, '2', 'Selesai', '2022-06-04 02:39:05', '2022-07-16 15:59:00'),
(76, '2022-05-27', 'PM00036', '00062', 1, 'Eris', 'Jok Oli Transmisi == OK. (1,5 liter)\r\nStel Rem\r\nStel Koplin', 0, 0, '3', 'Selesai', '2022-06-04 10:01:32', '2022-06-04 10:02:06'),
(78, '2022-05-27', 'PM00037', '00062', 1, 'Eris', 'jok oli transmisi.\r\nstel rem.\r\nstel kopling.', 0, 0, '3', 'Selesai', '2022-06-09 02:44:03', '2022-06-09 02:44:58'),
(79, '2022-06-08', 'PM00038', '00034', 1, 'M. Tohir', 'Filter solar kotor.', 0, 0, '6', 'Selesai', '2022-06-09 02:46:12', '2022-06-09 02:46:32'),
(80, '2022-06-08', 'PM00039', '00038', 1, 'Muhadi', 'ganti baut dinamo. Cari di HD yg lain HD03 di BC Klontong', 0, 0, '5', 'Selesai', '2022-06-09 02:48:23', '2022-06-09 02:49:07'),
(81, '2022-06-08', 'PM00040', '00037', 1, 'Eko P', 'ganti filter solar.', 0, 0, '7', 'Selesai', '2022-06-09 02:54:54', '2022-06-09 03:20:44'),
(82, '2022-06-09', 'PM00041', '00095', 1, 'Sularto', 'Ganti kabel PTO karena putus.', 0, 0, '7', 'Selesai', '2022-06-09 03:20:04', '2022-06-09 03:20:48'),
(83, '2022-06-09', 'PM00042', '00231', 1, 'Sulistyo', 'Tambah oli di tampungan oli rem dan oli kopling.', 0, 0, '5', 'Selesai', '2022-06-09 03:21:51', '2022-06-09 03:22:11'),
(84, '2022-06-08', 'PM00043', '00037', 1, 'Eko Prasetyo', 'Ganti filter solar.', 0, 0, '7', 'Selesai', '2022-06-09 03:23:11', '2022-06-09 03:23:26'),
(85, '2022-06-08', 'PM00044', '00033', 1, 'Rofix', 'Ganti kampas rem.', 0, 0, '5', 'Selesai', '2022-06-09 03:25:22', '2022-06-09 03:29:50'),
(86, '2022-05-20', 'PM00045', '00044', 1, 'Yunarwanto', 'Kurang tenaga.\r\nKipas radiator lemah.\r\nStel klep.\r\nTune up.\r\nPermintaan tambah silikon oil fan ( kipas ) 5 pcs.\r\nFilter udara ( minta ganti ).', 0, 0, '8', 'Selesai', '2022-06-09 04:03:01', '2022-06-09 04:03:24'),
(87, '2022-05-20', 'PM00046', '00062', 1, 'Joko Triyono', 'Ganti kampas rem 2 buah depan kiri.\r\nStel rem.', 0, 0, '2', 'Selesai', '2022-06-09 04:05:22', '2022-06-09 04:05:53'),
(88, '2022-05-20', 'PM00047', '00052', 1, 'Amri', 'Stel rem.\r\nGanti filter oli.\r\nGanti filter solar bawah.\r\nGanti oli mesin.\r\nService.', 0, 0, '4', 'Selesai', '2022-06-09 04:07:20', '2022-06-09 04:08:05'),
(89, '2022-06-09', 'PM00048', '00230', 1, 'Rochmat Agus Musafak', 'Rem depan banting kiri.\r\nBan depan gedek.\r\nGanti filter solar.\r\nStel rem depan belakang.', 0, 0, '5', 'Selesai', '2022-06-09 04:12:25', '2022-06-09 04:12:40'),
(90, '2022-06-03', 'PM00049', '00230', 1, 'Rochmat Agus Musafak', 'Ganti tangki solar, ambil dari HD 03.', 0, 0, '5', 'Selesai', '2022-06-09 04:13:33', '2022-06-09 04:13:48'),
(91, '2022-05-31', 'PM00050', '00232', 11, 'Arip', 'Kura-kura rem belakang bocor.\r\nStel rem.', 0, 0, '9', 'Selesai', '2022-06-09 04:16:19', '2022-06-09 04:17:09'),
(92, '2022-05-31', 'PM00051', '00007', 1, 'Heri Sutopo', 'Ban depan kiri panas.\r\nPengereman tidak normal.\r\nTambah oli mesin sae 40 5 liter.\r\nTambah oli hidrolik sae 10 2 liter.', 0, 0, '5', 'Selesai', '2022-06-09 04:18:47', '2022-06-09 04:19:30'),
(93, '2022-06-02', 'PM00052', '00075', 1, 'Kholik', 'Ganti filter atas-bawah.', 0, 0, '2', 'Selesai', '2022-06-09 04:20:51', '2022-06-09 04:21:08'),
(94, '2022-05-27', 'PM00053', '00056', 1, 'Teguh A.', 'Ganti filter solar.\r\nStel rem.', 0, 0, '7', 'Selesai', '2022-06-09 04:22:31', '2022-06-09 04:22:44'),
(95, '2022-05-27', 'PM00054', '00044', 1, 'Yunarwanto', 'Ganti kampas kopling.\r\nStel rem.', 0, 0, '5', 'Selesai', '2022-06-09 05:29:09', '2022-06-09 05:29:41'),
(99, '2022-05-30', 'PM00055', '00010', 1, 'Nahrowi', 'stel rem.\r\ncek oli perseneleng.\r\ntambah oli hidrolik.\r\ncek oli mesin.', 0, 0, '5', 'Selesai', '2022-06-09 07:45:44', '2022-06-09 07:45:59'),
(100, '2022-05-30', 'PM00056', '00015', 1, 'Purwanto', 'master rem bocor belakang tengah kanan.\r\nstel rem full.', 0, 0, '4', 'Selesai', '2022-06-09 07:47:29', '2022-06-09 07:47:49'),
(101, '2022-05-30', 'PM00057', '00062', 1, 'Eris', 'Ganti filter solar atas dan bawah.', 0, 0, '4', 'Selesai', '2022-06-09 07:49:12', '2022-06-09 07:49:26'),
(103, '2022-05-24', 'PM00058', '00007', 1, 'Heri Sutopo', 'rem bermasalah.\r\ntambah oli mesin.\r\nstel rem.\r\nganti bearing roda belakang dalam 1 set.', 0, 0, '2', 'Selesai', '2022-06-09 07:50:54', '2022-06-09 07:51:29'),
(104, '2022-05-31', 'PM00059', '00071', 1, 'Muhtar.', 'ganti filter solar atas-bawah.', 0, 0, '5', 'Selesai', '2022-06-09 07:52:53', '2022-06-09 07:53:06'),
(105, '2022-06-02', 'PM00060', '00228', 1, 'Edi Parmono', 'rem bocor kanan belakang.\r\nganti kampas rem ukuran 1 1/2 4 buah.\r\nstel rem.', 0, 0, '5', 'Selesai', '2022-06-09 07:54:48', '2022-06-09 07:55:02'),
(106, '2022-06-09', 'PM00061', '00075', 1, 'Kholik', 'minta lampu hologen 2 ( kanan-kiri ).', 0, 0, '2', 'Selesai', '2022-06-09 09:50:47', '2022-06-09 09:51:57'),
(107, '2022-06-09', 'PM00062', '00230', 1, 'Rochmat Agus Musafak', 'Minta oli rem.', 0, 0, '2', 'Selesai', '2022-06-09 09:52:58', '2022-06-09 09:53:11'),
(108, '2022-06-10', 'PM00063', '00021', 1, 'Sholeh Mardani', 'susah oper persneling.', 0, 0, '5', 'Selesai', '2022-06-10 02:58:01', '2022-06-10 03:57:53'),
(110, '2022-06-10', 'PM00064', '00022', 1, 'Rohmat Hadi', 'Selang Dump Bocor\r\nTambah Oli Hidrolik.\r\n==>penanganan: \r\nBohlam Engkel 24 V 46 bh.\r\nSelang hidrolik ganti 2m\r\nTambah Oli hidrolik 10 ltr', 0, 0, '5', 'Selesai', '2022-06-10 05:29:23', '2022-06-10 05:29:54'),
(111, '2022-06-13', 'PM00065', '00233', 1, 'Sulis', 'Ganti klakson.', 0, 0, '5', 'Selesai', '2022-06-13 07:51:31', '2022-06-13 07:51:46'),
(112, '2022-06-13', 'PM00066', '00148', 1, 'Indra', 'Tambah oli mesin SAE 40 sebanyak 5 liter.', 0, 0, '2', 'Selesai', '2022-06-14 16:17:52', '2022-06-14 16:18:06'),
(113, '2022-06-13', 'PM00067', '00152', 1, 'Chamami', 'Tambah oli SAE 10 sebanyak 10 liter.', 0, 0, '2', 'Selesai', '2022-06-14 16:19:38', '2022-06-16 18:21:55'),
(114, '2022-06-13', 'PM00068', '00153', 1, 'Rizqi Miftakhul Hidayat', 'center joint bocor dan butuh tambahan oli SAE 40 sebanyak 10 liter.', 0, 0, '2', 'Selesai', '2022-06-14 16:21:49', '2022-06-14 16:40:47'),
(115, '2022-06-09', 'PM00069', '00152', 1, 'M.Chamami', 'Ganti kuku + adaptor.\r\nLas bucket.\r\nGanti oli.', 0, 0, '2', 'Selesai', '2022-06-14 16:40:06', '2022-06-14 16:40:48'),
(116, '2022-06-14', 'PM00070', '00016', 1, 'Jamik', 'Tambah oli SAE 10 sebanyak 5 liter.', 0, 0, '2', 'Selesai', '2022-06-14 16:58:39', '2022-06-14 17:01:13'),
(117, '2022-06-14', 'PM00071', '00044', 1, 'Yunarwanto', 'Tambah oli transmisi 1,5 liter.', 0, 0, '2', 'Selesai', '2022-06-14 17:02:06', '2022-06-14 21:26:04'),
(118, '2022-06-14', 'PM00072', '00017', 1, 'Dayat', 'Menambah oli SAE 10 sebanyak 15 liter.', 0, 0, '2', 'Selesai', '2022-06-14 21:25:33', '2022-06-14 21:26:06'),
(119, '2022-06-15', 'PM00073', '00037', 1, 'Eko Prasetyo', 'Ganti filter', 0, 0, '2', 'Selesai', '2022-06-16 15:34:02', '2022-06-16 15:34:18'),
(120, '2022-06-14', 'PM00074', '00052', 1, 'Amri', 'Filter solar kotor, mobil gak bisa nyala.\r\nGanti filter solar atas F W03 1 buah, bawah F W08 1 buah.', 0, 0, '5', 'Selesai', '2022-06-16 17:49:09', '2022-06-16 17:49:26'),
(121, '2022-06-16', 'PM00075', '00234', 3, NULL, 'Tambah oli sae40 sebanyak 35 liter.', 0, 0, '2', 'Selesai', '2022-06-16 17:55:39', '2022-06-18 21:19:37'),
(122, '2022-06-10', 'PM00076', '00021', 1, 'Sholeh Mardani', 'Susah oper persneling.\r\nPump turun lambat.\r\nBrake kadang hilang.\r\nGanti piston kopling 1 set.\r\nGanti oli rem.\r\nStel pompa hidrolik.\r\nGanti kampas kopling bawah.\r\nStel otomatis break knalpot.', 0, 0, '5', 'Selesai', '2022-06-16 18:10:19', '2022-06-16 22:20:21'),
(123, '2022-06-16', 'PM00077', '00235', 1, 'Feri Kusmiyanto', 'Ganti oli mesin.', 0, 0, '2', 'Selesai', '2022-06-16 18:19:37', '2022-06-16 22:23:21'),
(124, '2022-05-09', 'PM00078', '00143', 1, 'Teguh A.', 'Ganti oli swing.\r\nganti filter solar.\r\nair aki.\r\njumper aki.\r\nganti oli mesin sae40w\r\nganti oli gardan.', 0, 0, '2', 'Selesai', '2022-06-16 18:23:51', '2022-06-16 22:23:25'),
(125, '2022-06-10', 'PM00079', '00236', 1, 'Budi Ari', 'Minta oli sae40 1 liter.', 0, 0, '2', 'Selesai', '2022-06-16 18:32:57', '2022-06-16 22:23:28'),
(126, '2022-06-13', 'PM00080', '00233', 1, 'Sulis', 'Ganti klakson 24U.', 0, 0, '2', 'Selesai', '2022-06-16 18:35:59', '2022-06-16 22:23:29'),
(128, '2022-06-13', 'PM00081', '00199', 1, 'Lumiono', 'Ganti accu N-100 Incoe = 2 buah.', 0, 0, '2', 'Selesai', '2022-06-16 18:52:56', '2022-06-16 22:23:34'),
(129, '2022-06-16', 'PM00082', '00156', 1, 'Fery Kusmiyanto', 'Water pump 1 set EC 210 (prepare utk pekerjaan proyek)', 0, 0, '2', 'Selesai', '2022-06-16 22:10:23', '2022-06-16 22:11:18'),
(130, '2022-06-17', 'PM00083', '00064', 1, 'Mujadin', 'Tambah oli sae 40w sebanyak 8 liter.', 0, 0, '2', 'Selesai', '2022-06-17 20:59:39', '2022-06-18 21:59:16'),
(131, '2022-06-17', 'PM00084', '00147', 1, 'Wilson', 'Tambah oli sae10w sebanyak 50 liter.\r\nTambah oli sae40w sebanyak 10 liter.', 0, 0, '2', 'Selesai', '2022-06-17 21:01:47', '2022-06-18 22:01:48'),
(132, '2022-06-17', 'PM00085', '00237', 1, 'Darkoni', 'Pergantian oli SAE 40W sebanyak 5 liter.', 0, 0, '13', 'Selesai', '2022-06-17 21:43:28', '2022-06-17 21:43:48'),
(133, '2022-06-17', 'PM00086', '00211', 5, 'Mujazin', 'Pergantian oli sae40 w sebanyak 19 liter', 0, 0, '2', 'Selesai', '2022-06-18 17:27:09', '2022-06-18 21:15:19'),
(134, '2022-06-17', 'PM00087', '00238', 5, 'Mujazin', 'Pergantian oli mesin sae40 w', 0, 0, '2', 'Selesai', '2022-06-18 17:29:47', '2022-06-18 21:15:22'),
(135, '2022-06-13', 'PM00088', '00018', 1, 'Heri Sutopo', 'Perbaikan wiper.\r\nOper ban dari TP07 ke TP03.\r\nKlakson mati.\r\nTambah air aki.', 0, 0, '6', 'Selesai', '2022-06-18 17:34:51', '2022-06-18 21:15:24'),
(136, '2022-06-18', 'PM00089', '00234', 3, 'Adi Joko', 'Service rutin.\r\nGanti oli sae40 w 35 liter.\r\nGanti filter.', 0, 0, '2', 'Selesai', '2022-06-18 21:41:34', '2022-06-18 21:53:43'),
(137, '2022-06-18', 'PM00090', '00235', 3, 'Slamet Jamik', 'Oli Meditran SAE 40 1,5 liter. AA 1875 HA', 0, 0, '2', 'Selesai', '2022-06-18 22:03:31', '2022-06-18 22:03:53'),
(138, '2022-06-18', 'PM00091', '00239', 2, 'Ferry AP', 'Ganti oli sae 40w sebanyak 5 liter.  (KM 154.508)\r\nGanti filter oli MD 069782.\r\nGanti filter solar.\r\nPengecekan kelistrikan.', 0, 0, '5', 'Selesai', '2022-06-20 17:10:50', '2022-06-21 15:47:55'),
(139, '2022-06-20', 'PM00092', '00191', 1, 'Subejo', 'Perbaikan rem.\r\nOli ring finisher 1 buah', 0, 0, '2', 'Selesai', '2022-06-20 17:13:08', '2022-06-21 15:50:25'),
(140, '2022-06-20', 'PM00093', '00240', 3, 'Mustaqim', 'Ganti oli sae10w sebanyak 5 liter', 0, 0, '2', 'Selesai', '2022-06-20 17:39:57', '2022-06-21 15:41:52'),
(141, '2022-06-20', 'PM00094', '00054', 1, 'Kholik', 'Pedal kopling keras.\r\nSolar handrem ( indikator hidup terus ).\r\ncek oli gardan.\r\ncek oli hidrolik.\r\ncek oli mesin.\r\nganti filter solar atas FC 1003 1 buah.\r\nganti filter solar bawah F1008 1 buah.\r\noli sae 40 sebanyak 4 liter.', 0, 0, '5', 'Selesai', '2022-06-20 18:27:56', '2022-06-20 23:17:54'),
(142, '2022-06-20', 'PM00095', '00033', 1, 'M Rofik', 'Filter Solar F 1008 = 1 buah.\r\nFilter Solar FC 1003 = 1 buah', 0, 0, '2', 'Selesai', '2022-06-20 21:14:34', '2022-06-20 21:16:10'),
(145, '2022-06-21', 'PM00098', '00127', 5, 'Yuniarto', 'Bobok beton ( gendos ) volume 5,5 M kubik.', 0, 0, '2', 'Selesai', '2022-06-20 23:35:43', '2022-06-20 23:36:18'),
(146, '2022-06-13', 'PM00099', '00242', 1, 'Takyin', 'Ganti accu incoe n70 1 buah', 0, 0, '2', 'Selesai', '2022-06-21 15:25:39', '2022-06-21 15:29:27'),
(147, '2022-06-16', 'PM00100', '00152', 1, 'Chamami', 'Ganti peso blid.\r\nBaut tangki.\r\nGanti spion.\r\nKontrol rem patah.\r\nGanti top roller.', 0, 0, '8', 'Selesai', '2022-06-21 15:32:27', '2022-06-21 15:32:41'),
(148, '2022-06-17', 'PM00101', '00243', 1, 'Ahmad Royani', 'Ganti oli mesin sae40w sebanyak 5 liter.', 0, 0, '8', 'Selesai', '2022-06-21 15:36:41', '2022-06-21 15:40:12'),
(149, '2022-06-17', 'PM00102', '00042', 1, 'M.Arifin', 'Ganti oli  sae40w sebanyak 15 liter.\r\nKontrol setelan rem depan/belakang.\r\ncek laker roda depan/blakang.\r\nnyetel laker roda blk kiri.', 0, 0, '8', 'Selesai', '2022-06-21 15:42:45', '2022-06-21 15:42:59'),
(150, '2022-06-17', 'PM00103', '00244', 1, 'M. Tohir', 'Ganti oli sae40w 4 liter.\r\nOil coolant 1 buah.', 0, 0, '8', 'Selesai', '2022-06-21 15:46:29', '2022-06-21 15:46:44'),
(151, '2022-06-17', 'PM00104', '00012', 1, 'Wahyu Nugroho', 'Ganti oli sae40 w 13 liter.\r\nKontrol stelan rem depan/belakang.\r\nCek laker roda/belakang.', 0, 0, '8', 'Selesai', '2022-06-21 15:49:33', '2022-06-21 15:49:54'),
(152, '2022-06-10', 'PM00105', '00007', 1, 'Heri Sutopo', 'Reparasi dinamo starter.\r\nGanti relay starter.', 0, 0, '8', 'Selesai', '2022-06-21 15:52:48', '2022-06-21 15:53:06'),
(153, '2022-06-16', 'PM00106', '00152', 1, 'Chamami', 'Bongkar laker top roller.', 0, 0, '9', 'Selesai', '2022-06-21 15:54:12', '2022-06-21 15:54:27'),
(154, '2022-06-16', 'PM00107', '00147', 1, 'Wilson', 'Solar kanginan.\r\nTidak bisa starter.\r\nPasang rotak full pump 24v.\r\nCek refusing valve.\r\nCek stelan main pump induk no.1  dan no.2', 0, 0, '8', 'Selesai', '2022-06-21 15:56:56', '2022-06-21 15:57:25'),
(155, '2022-05-23', 'PM00108', '00241', 1, 'Subejo', 'Ganti accu 100A 2 buah.\r\nGanti tombol klakson 1 biji.\r\nSolar 10 liter.', 0, 0, '8', 'Selesai', '2022-06-21 16:01:17', '2022-06-21 16:01:31'),
(156, '2022-06-21', 'PM00109', '00022', 1, 'Rohmat Hadi', 'Service PTO.\r\nPengelasanPTO/dudukan switch PTO\r\nCek selang angin PTO', 0, 0, '5', 'Selesai', '2022-06-21 22:07:32', '2022-06-21 22:10:53'),
(157, '2022-06-21', 'PM00110', '00245', 1, 'Aat', 'Ganti filter solar.\r\nGanti filter oli.\r\nGanti oli sae40w sebanyak 5 liter.', 0, 0, '5', 'Selesai', '2022-06-23 16:23:48', '2022-06-23 16:24:12'),
(158, '2022-06-21', 'PM00111', '00246', 1, 'Aat', 'Ganti accu n70 incoe.', 0, 0, '2', 'Selesai', '2022-06-23 16:26:35', '2022-06-23 16:26:51'),
(159, '2022-06-28', 'PM00112', '00183', 1, 'Ahmad Bakrun', 'Aki drop/rusak. (permintaan Aki baru, ukuran Aki N100=2 bh)', 0, 0, '2', 'Selesai', '2022-06-28 15:51:18', '2022-07-16 15:59:00'),
(160, '2022-06-28', 'PM00113', '00169', 1, 'Ahmad Sodikun', 'Aki drop/rusak.\r\n(permintaan aki baru ukuran aki N150=2 bh)', 0, 0, '2', 'Selesai', '2022-06-28 15:53:20', '2022-07-16 15:59:03'),
(161, '2022-06-27', 'PM00114', '00247', 1, 'Yanuar', 'Perpindahan gigi transmisi susah.\r\nGigi 3 agak berisik.', 0, 0, '2', 'Selesai', '2022-06-30 18:10:35', '2022-07-16 15:59:04'),
(162, '2022-06-24', 'PM00115', '00012', 1, 'Wahyu Gombing', 'Kendangan knalpot rusak.', 0, 0, '2', 'Selesai', '2022-06-30 18:11:33', '2022-07-16 15:59:12'),
(163, '2022-06-29', 'PM00116', '00137', 1, 'Hari Priyatna', 'Minta pompa grease 1 buah.\r\nMinta grease 1 pil.', 0, 0, '2', 'Selesai', '2022-06-30 18:13:12', '2022-07-16 15:59:07'),
(164, '2022-07-01', 'PM00117', '00054', 1, 'Kholik', 'Pompa dump tutupnya pecah, ambil dari HD 40.', 0, 0, '2', 'Selesai', '2022-07-02 15:57:04', '2022-07-02 15:57:18'),
(165, '2022-06-07', 'PM00118', '00248', 1, 'Hamidin', 'Ganti oli mesin 5 liter.\r\nGanti oli transmisi 2 liter.', 0, 0, '9', 'Selesai', '2022-07-02 16:11:05', '2022-07-02 16:11:27'),
(166, '2022-06-03', 'PM00119', '00038', 1, 'Muhadi', 'Perbaikan bongkar pasang ban.', 0, 0, '9', 'Selesai', '2022-07-02 16:12:42', '2022-07-02 16:13:10'),
(167, '2022-06-07', 'PM00120', '00012', 1, 'Wahyu Nugroho', 'Ganti perpak deksel.\r\nGanti laker roda depan kiri.\r\nGanti seal roda tube nozzel 3 buah ( no 1, 3, 6 ).\r\nGanti silikon oli fan 7.', 0, 0, '8', 'Selesai', '2022-07-02 16:16:01', '2022-07-02 16:16:26'),
(168, '2022-06-07', 'PM00121', '00013', 1, 'M. Arifin', 'Ganti master kopling atas.\r\nTambah oli sae40w.\r\nGanti selang pto.\r\nGanti pedal rem.', 0, 0, '8', 'Selesai', '2022-07-02 16:37:26', '2022-07-21 16:07:47'),
(169, '2022-06-06', 'PM00122', '00233', 1, 'Sulis', 'Ganti kampas kopling.\r\nGanti oli mesin 8 liter.\r\nGanti kabel pto 2 buah.\r\nGanti wiper.\r\nStel rem.\r\nGanti oli rem.\r\nGanti air aki.', 0, 0, '5', 'Selesai', '2022-07-02 16:39:34', '2022-07-02 16:40:00'),
(170, '2022-06-28', 'PM00123', '00195', 1, 'Manan', 'Ganti lampu LED 24 watt 1 buah.', 0, 0, '2', 'Selesai', '2022-07-02 16:41:45', '2022-07-02 17:17:14'),
(171, '2022-06-30', 'PM00124', '00249', 1, 'Suradi', 'Tambah oli sae10w 5 liter', 0, 0, '2', 'Selesai', '2022-07-02 16:48:03', '2022-07-02 16:48:26'),
(172, '2022-06-30', 'PM00125', '00230', 1, 'Rochmat Agus Musafak', 'Tambah air accu ( 2 ) .', 0, 0, '2', 'Selesai', '2022-07-02 16:51:04', '2022-07-02 16:51:21'),
(173, '2022-06-21', 'PM00126', '00231', 1, 'Sulis', 'Ganti ban belakang-kiri 1000x20 sebanyak 2 buah.', 0, 0, '2', 'Selesai', '2022-07-02 16:53:39', '2022-07-02 16:53:54'),
(174, '2022-06-28', 'PM00127', '00137', 1, 'Hari Priyatna', 'Tambah oli sae10w sebanyak 25 liter.', 0, 0, '2', 'Selesai', '2022-07-02 16:56:18', '2022-07-02 16:56:39'),
(175, '2022-06-28', 'PM00128', '00208', 9, 'Sularto', 'Tambah oli sae10w sebanyak 10 liter', 0, 0, '8', 'Selesai', '2022-07-02 16:57:36', '2022-07-02 16:57:53'),
(176, '2022-06-28', 'PM00129', '00056', 1, 'Teguh Andi', 'Ganti filter solar F 1008 1 buah.', 0, 0, '5', 'Selesai', '2022-07-02 17:05:48', '2022-07-02 17:06:03'),
(177, '2022-06-27', 'PM00130', '00038', 1, 'Muhadi', 'Selang 10A 2\r\nSelang 15A 2', 0, 0, '5', 'Selesai', '2022-07-02 17:08:06', '2022-07-02 17:08:20'),
(178, '2022-06-27', 'PM00131', '00060', 1, 'Suprihatin', 'Ganti 2 bohlam engkel 24V\r\nGanti 1 bifet 18', 0, 0, '2', 'Selesai', '2022-07-02 17:09:38', '2022-07-02 17:09:57'),
(179, '2022-06-25', 'PM00132', '00054', 1, 'Feri Kusmiyanto', 'Pompa hidrolik bocor dan tambah oli sae10w sebanyak 10 liter.', 0, 0, '2', 'Selesai', '2022-07-02 17:11:50', '2022-07-02 17:12:15'),
(180, '2022-06-25', 'PM00133', '00036', 1, 'Feri Kusmiyanto', 'Tambah oli sae10w sebanyak 15 liter.', 0, 0, '2', 'Selesai', '2022-07-02 17:13:46', '2022-07-02 17:14:02'),
(181, '2022-06-24', 'PM00134', '00175', 1, 'Muhibun', 'Tambah oli sae10w sebanyak 20 liter', 0, 0, '2', 'Selesai', '2022-07-02 17:16:38', '2022-07-02 17:17:15'),
(182, '2022-07-01', 'PM00135', '00250', 1, 'Rohmad S.', 'Tambah oli sae40w sebanyak 7 liter.\r\nServis rem.', 0, 0, '2', 'Selesai', '2022-07-02 17:21:48', '2022-07-02 17:22:13'),
(183, '2022-06-23', 'PM00136', '00143', 1, 'Udin', 'Tambah oli sae10w sebanyak 20 liter.', 0, 0, '2', 'Selesai', '2022-07-02 17:24:38', '2022-07-02 17:24:58'),
(184, '2022-06-20', 'PM00137', '00251', 1, 'Proyek', 'Cek kelengkapan dan kelistrikan kendaraan.\r\nGanti lampu belakang 1 set.\r\nTambah oli mesin sae40w sebanyak 5 liter.\r\nGanti filter oli.\r\nGanti filter solar.\r\nGanti ban depan kanan-kiri.\r\nGanti wiper/sikat kaca.', 0, 0, '9', 'Selesai', '2022-07-02 17:28:48', '2022-07-02 17:29:03'),
(185, '2022-07-01', 'PM00138', '00230', 1, 'Rochmat Agus Musafak', 'Tambah oli sae40w 8 liter.\r\nTambah oli sae10w 2 liter.', 0, 0, '5', 'Selesai', '2022-07-02 22:21:25', '2022-07-02 22:22:02'),
(186, '2022-07-02', 'PM00139', '00252', 1, 'Sisyadi', 'Ganti oloran PTO ukuran 4 meter.\r\nGanti oloran pompa dump ukuran 3,5 meter.\r\nTambah oli hidrolik sae10w sebanyak 10 liter.', 0, 0, '5', 'Selesai', '2022-07-02 22:25:00', '2022-07-02 22:25:36'),
(187, '2022-07-02', 'PM00140', '00253', 3, 'Adi Joko M.', 'Ganti oli sae40w sebanyak 10 liter', 0, 0, '2', 'Selesai', '2022-07-02 22:28:20', '2022-07-02 22:28:35'),
(188, '2022-07-02', 'PM00141', '00254', 5, 'Adi Joko M.', 'Tambah oli sae40w sebanyak 4 liter.', 0, 0, '2', 'Selesai', '2022-07-02 22:35:44', '2022-07-02 22:36:22'),
(189, '2022-07-01', 'PM00142', '00255', 1, 'Darkoni', 'Tap oli sae40w sebanyak 4 liter', 0, 0, '13', 'Selesai', '2022-07-02 22:38:40', '2022-07-02 22:38:57'),
(190, '2022-07-01', 'PM00143', '00054', 1, 'Kholik', 'Tambah oli sae40w sebanyak 10 liter.', 0, 0, '5', 'Selesai', '2022-07-02 22:39:56', '2022-07-02 22:40:14'),
(191, '2022-07-01', 'PM00144', '00056', 1, 'Teguh Andi', 'Tambah oli sae40w sebanyak 1 liter.', 0, 0, '5', 'Selesai', '2022-07-02 22:42:05', '2022-07-02 22:42:25'),
(192, '2022-07-02', 'PM00145', '00052', 1, 'Muchtar', 'Perbaikan dump, pengecekan oloran PTO.', 0, 0, '5', 'Selesai', '2022-07-02 22:43:15', '2022-07-02 22:43:30'),
(193, '2022-07-04', 'PM00146', '00076', 1, 'Joko Triyono', 'Master kopling atas trouble.', 0, 0, '4', 'Selesai', '2022-07-06 16:24:45', '2022-07-06 16:25:17'),
(194, '2022-07-02', 'PM00147', '00040', 1, 'Joko Widayat', 'Ganti oli mesin.\r\nFan belt kendor.', 0, 0, '2', 'Selesai', '2022-07-06 16:28:36', '2022-07-06 16:28:55'),
(195, '2022-07-06', 'PM00148', '00256', 5, 'Aris Herwanto', 'Minta jok oli sae10w ( hidrolic )', 0, 0, '2', 'Selesai', '2022-07-06 21:44:52', '2022-07-06 21:45:12'),
(196, '2022-07-06', 'PM00149', '00052', 1, 'Muchtar', 'Ganti filter solar atas/bawah.', 0, 0, '2', 'Selesai', '2022-07-06 21:46:06', '2022-07-06 21:46:21'),
(197, '2022-07-07', 'PM00150', '00022', 1, 'Rohmat Hadi', 'Oli rem=1 buah', 0, 0, '2', 'Selesai', '2022-07-07 15:43:29', '2022-07-16 15:59:08'),
(198, '2022-07-07', 'PM00151', '00165', 1, 'Ahmad Sodikun', 'Bolam Mati\r\nAki Drop/rusak\r\nAki baru ukuran 70=1 buah', 0, 0, '2', 'Selesai', '2022-07-07 15:45:01', '2022-07-16 15:59:14'),
(199, '2022-07-07', 'PM00152', '00183', 1, 'Ahmad Bakrun', 'Kopling keras.\r\nBaterai ngedrop\r\nBan Depan Tipis', 0, 0, '2', 'Selesai', '2022-07-07 15:46:46', '2022-07-16 15:59:15'),
(200, '2022-07-07', 'PM00153', '00035', 1, 'Mukhlis', 'Ganti oli hidrolik sae10w sebanyak 5 liter.', 0, 0, '3', 'Selesai', '2022-07-07 21:17:53', '2022-07-07 21:18:11'),
(201, '2022-07-07', 'PM00154', '00144', 1, 'Suyudi', 'Tambah oli mesin sae40w sebanyak 3 liter.', 0, 0, '3', 'Selesai', '2022-07-07 21:23:00', '2022-07-07 21:24:55'),
(202, '2022-07-08', 'PM00155', '00013', 1, 'M. Arifin', 'Tambah Oli hidrolis 10 ltr', 0, 0, '2', 'Selesai', '2022-07-08 20:25:56', '2022-07-21 16:07:29'),
(203, '2022-07-08', 'PM00156', '00059', 1, 'Kelik', 'Tap oli sae40w sebanyak 7 liter', 0, 0, '4', 'Selesai', '2022-07-12 21:12:14', '2022-07-12 21:12:37'),
(204, '2022-07-08', 'PM00157', '00076', 1, 'Joko Triyono', 'Tap oil sae40w 7 liter.\r\nservice rem.', 0, 0, '4', 'Selesai', '2022-07-12 21:21:29', '2022-07-12 21:21:44'),
(205, '2022-07-07', 'PM00158', '00075', 1, 'Erik', 'Tambah oli mesin sae40w sebanyak 5 liter', 0, 0, '3', 'Selesai', '2022-07-12 21:22:58', '2022-07-12 21:23:13'),
(206, '2022-07-13', 'PM00159', '00240', 3, 'Mustaqim', 'Oli Mesin 10=5 ltr', 0, 0, '2', 'Selesai', '2022-07-13 20:40:28', '2022-07-13 20:41:06'),
(207, '2022-07-13', 'PM00160', '00042', 1, 'Sukarman', 'Ganti aki\r\nGanti Oli Mesin\r\nGanti Filter Oli\r\nGanti Filter solar atas\r\nGanti Filter solar bawah', 0, 0, '2', 'Selesai', '2022-07-13 20:44:12', '2022-07-19 16:33:56'),
(208, '2022-07-08', 'PM00161', '00023', 1, 'Muh. Tadin', '- Persneling tidak bisa oper gigi\r\n- Cek dan stel kopling', 0, 0, '6', 'Selesai', '2022-07-13 20:57:17', '2022-07-13 20:57:31'),
(209, '2022-07-12', 'PM00162', '00044', 1, 'Yunarwanto', 'Tap oli sae40w 7 liter.\r\nKontrol oli persneling.\r\nJok oli dan ganti filter solar atas bawah ( FC 1003 1 buah dan F 1008 1 buah ).', 0, 0, '5', 'Selesai', '2022-07-13 21:35:15', '2022-07-13 21:36:38'),
(210, '2022-07-11', 'PM00163', '00071', 1, 'Edi Parmono', 'Ganti bohlam kecil engkel 4 buah', 0, 0, '2', 'Selesai', '2022-07-13 21:37:36', '2022-07-13 21:37:54'),
(211, '2022-07-12', 'PM00164', '00165', 1, 'Hari. P', 'Ganti accu N70', 0, 0, '2', 'Selesai', '2022-07-13 21:39:23', '2022-07-13 21:39:41'),
(212, '2022-07-14', 'PM00165', '00056', 1, 'Teguh Andi', 'Ganti master kopling', 0, 0, '5', 'Selesai', '2022-07-16 15:27:02', '2022-07-16 15:27:27'),
(214, '2022-07-12', 'PM00167', '00175', 1, 'Ibun', 'Ganti accu N70 2 buah', 0, 0, '2', 'Selesai', '2022-07-16 15:42:05', '2022-07-16 15:42:28'),
(215, '2022-07-12', 'PM00168', '00258', 1, 'Tugiran', 'Ganti baut roda\r\nGanti selang hidrolis\r\nTambah oli sae10w sebanyak 20 liter', 0, 0, '6', 'Selesai', '2022-07-16 15:45:13', '2022-07-16 15:48:16'),
(216, '2022-07-06', 'PM00169', '00256', 5, 'Aris Herwanto', 'Tambah oli hidrolik sae10w sebanyak 30 liter', 0, 0, '5', 'Selesai', '2022-07-16 15:46:39', '2022-07-16 15:46:54'),
(217, '2022-07-12', 'PM00170', '00175', 1, 'Muhibun', 'Tap oli mesin sae40w sebanyak 15 liter', 0, 0, '5', 'Selesai', '2022-07-16 15:49:48', '2022-07-16 15:50:41'),
(218, '2022-07-12', 'PM00171', '00230', 1, 'Rohmat Agus', 'Perbaikan long terrot.\r\nService rem depan.', 0, 0, '9', 'Selesai', '2022-07-16 15:53:33', '2022-07-16 15:53:47'),
(219, '2022-07-12', 'PM00172', '00259', 1, 'Darkoni', 'Isi air accu 2 botol', 0, 0, '13', 'Selesai', '2022-07-16 15:55:39', '2022-07-16 15:55:53'),
(220, '2022-07-12', 'PM00173', '00260', 3, 'Alip', 'Service rem.\r\nOrder ban 3 buah.', 0, 0, '7', 'Selesai', '2022-07-16 16:04:10', '2022-07-16 16:04:34'),
(221, '2022-07-16', 'PM00174', '00037', 1, 'Eko Prasetyo', 'Ganti filter atas-bawah.', 0, 0, '9', 'Selesai', '2022-07-16 16:44:43', '2022-07-16 16:45:00'),
(222, '2022-07-16', 'PM00175', '00228', 1, 'Suud', 'Tap oli rem', 0, 0, '6', 'Selesai', '2022-07-16 17:24:45', '2022-07-16 17:24:57'),
(223, '2022-07-16', 'PM00176', '00075', 1, 'Prasetyo Eri', 'Ganti filter solar .\r\n(filter solar F1008) dan filter solar 16001', 0, 0, '6', 'Selesai', '2022-07-16 21:09:30', '2022-07-16 21:13:24'),
(224, '2022-07-16', 'PM00177', '00228', 1, 'M Suud', 'Ganti oli rem .\r\noli rem radex=1 buah', 0, 0, '2', 'Selesai', '2022-07-16 21:12:15', '2022-07-16 21:13:27'),
(225, '2022-07-12', 'PM00178', '00147', 1, 'Wilson', 'Service knalpot karena keropos, sehingga udara buang panas tidak keluar lewat atas tpi lewat bawah', 0, 0, '2', 'Selesai', '2022-07-16 21:44:20', '2022-07-16 21:47:19'),
(226, '2022-07-14', 'PM00179', '00257', 1, 'Waliyanto', 'Ganti kampas rem', 0, 0, '5', 'Selesai', '2022-07-16 21:51:25', '2022-07-26 22:17:30'),
(227, '2022-07-18', 'PM00180', '00023', 1, 'Muhtadin', 'Oli mesin sae 40=ok\r\nOli gardan=5 liter\r\nGanti ban =ban luar 1000x20=2 bh, ban dalam 900x20=2bh, marset R-20=2bh', 0, 0, '5', 'Selesai', '2022-07-18 22:14:23', '2022-07-18 22:22:30'),
(228, '2022-07-18', 'PM00181', '00014', 1, 'Suharno', 'Ganti 4 buah ban=\r\nban luar 1000x20=4 bh\r\nban dalam 900x200=4 bh\r\nmarset R-20=4 bh', 0, 0, '2', 'Selesai', '2022-07-18 22:20:08', '2022-07-18 22:22:35'),
(229, '2022-07-18', 'PM00182', '00025', 1, 'Purwoko', 'Ganti ban 4 bh=\r\nban luar 1000x20=4bh\r\nban dalam 900x20=4 bh\r\nmarset R-20=4bh', 0, 0, '2', 'Selesai', '2022-07-18 22:21:26', '2022-07-18 22:22:38'),
(230, '2022-07-18', 'PM00183', '00064', 1, 'Mujadin', 'Ganti tandon radiator.\r\nGanti filter solar atas/bawah.', 0, 0, '5', 'Selesai', '2022-07-18 22:27:23', '2022-07-18 22:27:36'),
(231, '2022-07-18', 'PM00184', '00055', 1, 'Nur Ahmad', 'Ganti filter solar atas/bawah', 0, 0, '6', 'Selesai', '2022-07-18 22:28:10', '2022-07-18 22:28:19'),
(232, '2022-07-13', 'PM00185', '00051', 12, 'Darsono', 'Ganti aki.\r\n Ganti Oli Mesin.\r\n Ganti Filter Oli .\r\nGanti Filter solar atas .\r\nGanti Filter solar bawah', 0, 0, '2', 'Selesai', '2022-07-19 16:04:53', '2022-07-19 16:44:06'),
(233, '2022-07-13', 'PM00186', '00053', 12, 'Ridwan', 'Ganti aki \r\nGanti Oli Mesin \r\nGanti Filter Oli\r\n Ganti Filter solar atas\r\n Ganti Filter solar bawah', 0, 0, '2', 'Selesai', '2022-07-19 16:05:49', '2022-07-19 16:44:09'),
(234, '2022-07-13', 'PM00187', '00057', 12, 'Syawal', 'Ganti aki \r\nGanti Oli Mesin \r\nGanti Filter Oli\r\n Ganti Filter solar atas\r\n Ganti Filter solar bawah', 0, 0, '2', 'Selesai', '2022-07-19 16:06:19', '2022-07-19 16:44:11'),
(235, '2022-07-13', 'PM00188', '00061', 12, 'Fandi Ahmad', 'Ganti aki \r\nGanti Oli Mesin \r\nGanti Filter Oli\r\n Ganti Filter solar atas\r\n Ganti Filter solar bawah', 0, 0, '2', 'Selesai', '2022-07-19 16:06:55', '2022-07-19 16:38:36'),
(236, '2022-07-15', 'PM00189', '00038', 1, 'Zamroni', 'Kap Rem Belakang Kanan= ukuran 1 1/4=4 bh\r\nLampu Sen Depan Kiri\r\nGanti Aki = Aki N50=1 bh\r\nStel rem\r\nTambah Oli rem', 0, 0, '5', 'Selesai', '2022-07-20 20:58:55', '2022-07-20 21:00:52'),
(237, '2022-07-20', 'PM00190', '00020', 1, 'Pri Wijayanto', 'Power Stering rusak\r\nOli keluar dari tandon\r\nOli = Oli Mediteran SAE 10 W=2 ltr', 0, 0, '2', 'Selesai', '2022-07-20 21:03:08', '2022-07-20 21:03:48'),
(238, '2022-07-20', 'PM00191', '00022', 1, 'Rohmat Hadi', 'Ganti Ban Luar=\r\nBan L uar 1000X20=2 bh\r\nBan dalam 900x20=2bh\r\nMarset R-20= 2bh', 0, 0, '2', 'Selesai', '2022-07-20 21:05:09', '2022-07-20 21:05:49'),
(239, '2022-07-15', 'PM00192', '00161', 1, 'Ahmad Sodikun', 'Oli Mesin SAE 40=3 ltr', 0, 0, '2', 'Selesai', '2022-07-20 21:20:14', '2022-07-20 21:21:32'),
(240, '2022-07-16', 'PM00193', '00225', 1, 'Sisyadi', 'Oli Rem Redex=1 ltr', 0, 0, '2', 'Selesai', '2022-07-20 21:23:10', '2022-07-20 21:25:27'),
(241, '2022-07-16', 'PM00194', '00037', 1, 'Eko Prasetyo', 'Ganti filter atas dan bawah :\r\nfilter solar F 1008=1 bh\r\nfilter solar FC 14003 = 1 bh', 0, 0, '2', 'Selesai', '2022-07-20 21:27:01', '2022-07-20 21:27:37'),
(242, '2022-07-16', 'PM00195', '00062', 1, 'Eris', 'kampas rem=ok\r\noli gardan=ok\r\nkampas kopling=ok\r\nfilter atas bawah/ filter solar=ok', 0, 0, '5', 'Selesai', '2022-07-20 21:44:03', '2022-07-20 21:45:16'),
(243, '2022-07-18', 'PM00196', '00020', 1, 'Pri Wijayanto', 'Ganti ban=ban luar 1000x20=2bh, ban dalam 90x120=2bh, Marset R20=2bh.\r\nStel Rem=ok\r\nGanti Oli=Oli meditran SAE=12 bh\r\nGanti filter solar=1 bh', 0, 0, '5', 'Selesai', '2022-07-20 21:53:20', '2022-07-20 21:53:58'),
(244, '2022-07-18', 'PM00197', '00233', 1, 'Sulis', 'Ganti  :\r\nFilter Solar Atas  FC 1003 = 1bh.\r\nFilter bawah F 1008= 1bh', 0, 0, '2', 'Selesai', '2022-07-20 21:58:10', '2022-07-20 21:58:34'),
(245, '2022-07-18', 'PM00198', '00013', 1, 'M. Arifin', 'Ganti ban dalam=900x20=1 bh', 0, 0, '2', 'Selesai', '2022-07-20 22:11:44', '2022-07-21 21:01:39'),
(246, '2022-07-18', 'PM00199', '00250', 1, 'Rohmad Solikhin', 'Ganti Ban :\r\nBan Luar  750 x 16 = 1bh.\r\nBan Dalam R 16=1 bh\r\nMarset R-16=1 bh\r\n(utk belakang kanan dalam)', 0, 0, '2', 'Selesai', '2022-07-21 21:04:00', '2022-07-21 21:04:40'),
(247, '2022-07-19', 'PM00200', '00233', 1, 'Sulis', 'Ganti Ban :\r\nBan Luar  750 x 16 = 1bh.\r\nBan Dalam R 16=1 bh\r\nMarset R-16=1 bh\r\nAki N50=1 bh', 0, 0, '2', 'Selesai', '2022-07-21 21:08:06', '2022-07-21 21:11:14'),
(248, '2022-07-19', 'PM00201', '00017', 1, 'Dayat', 'Ganti Ban :\r\nBan Luar  100x20= 4bh.\r\nBan Dalam 900x20=2 bh\r\nMarset R-16=1 bh', 0, 0, '2', 'Selesai', '2022-07-21 21:09:02', '2022-07-21 21:11:16'),
(249, '2022-07-19', 'PM00202', '00015', 1, 'Purwanto', 'Ganti Ban :\r\nBan Luar  1000x20= 2bh.\r\nBan Dalam 900x20=2 bh\r\nMarset R-20=2 bh', 0, 0, '2', 'Selesai', '2022-07-21 21:10:33', '2022-07-21 21:11:18'),
(250, '2022-07-19', 'PM00203', '00016', 1, 'Jamik', 'Ganti Ban :\r\nBan Luar  1000x20= 2bh.\r\nBan Dalam 900x20=2 bh\r\nMarset R-20=2 bh\r\nOli Mediteran SAE 40=0,5 liter', 0, 0, '2', 'Selesai', '2022-07-21 21:28:22', '2022-07-21 21:55:45'),
(251, '2022-07-19', 'PM00204', '00186', 1, 'Muh Anis', 'Pemasangan Aki=Aki N 70 Incor=2 bh\r\nPengecekan  Alat', 0, 0, '7', 'Selesai', '2022-07-21 21:40:54', '2022-07-21 21:55:47'),
(252, '2022-07-20', 'PM00205', '00142', 1, 'Suyadi', 'Oli MEditeran SAE 10 W=20ltr', 0, 0, '2', 'Selesai', '2022-07-21 21:41:51', '2022-07-21 21:55:49'),
(253, '2022-07-20', 'PM00206', '00015', 1, 'Purwanto', 'Service berkala.\r\nGanti Oli= Mediteran SAE 40=12 ltr\r\nFilter Solar ME 131989=1 bh\r\nBohlam Engkel Kecil 24 V=6 bh', 0, 0, '5', 'Selesai', '2022-07-21 21:44:02', '2022-07-21 21:55:51'),
(254, '2022-07-20', 'PM00207', '00038', 1, 'Zamroni', 'Ganti Ban :\r\nBan Luar  750 x 16 = 1bh.\r\nBan Dalam R 16=1 bh\r\nMarset R-16=2bh', 0, 0, '2', 'Selesai', '2022-07-21 21:44:50', '2022-07-21 21:55:53'),
(255, '2022-07-20', 'PM00208', '00230', 1, 'Rohmad Agus', 'Ganti Ban :\r\nBan Luar  750 x 16 = 1bh.\r\nBan Dalam 750x16=1 bh\r\nMarset R-16=1 bh\r\n\r\nMinta pararel Aki (tembaga)', 0, 0, '2', 'Selesai', '2022-07-21 21:46:02', '2022-07-21 21:55:55'),
(256, '2022-07-21', 'PM00209', '00021', 1, 'Sholeh Marjani', 'Ganti Ban :\r\nBan Luar  1000x 20 = 4bh.\r\nBan Dalam 900x20=4bh\r\nMarset R-20=4 bh', 0, 0, '2', 'Selesai', '2022-07-21 21:47:40', '2022-07-21 21:55:57'),
(257, '2022-07-22', 'PM00210', '00240', 3, 'Mustaqim', 'Oli 10 W=5ltr (box screen)\r\nOli 40 SAE= 1,5 ltr(compressor)', 0, 0, '2', 'Selesai', '2022-07-22 15:18:35', '2022-07-23 15:29:40'),
(258, '2022-06-28', 'PM00211', '00169', 1, 'Ahmad Solikin', 'Aki drop/rusak ... gak bisa di setrum.\r\nSudah dibelikan accu N150 2 buah.', 0, 0, '2', 'Selesai', '2022-07-22 16:01:11', '2022-07-22 16:01:34'),
(259, '2022-07-22', 'PM00212', '00261', 1, 'Ichsan', 'Ganti oli sae 10w sebanyak 10 liter.\r\nGanti kuku 36 buah.\r\nGanti adapter 10 buah.', 0, 0, '2', 'Selesai', '2022-07-22 16:14:15', '2022-07-22 16:14:28'),
(260, '2022-07-07', 'PM00213', '00183', 1, 'A Bakri', 'Kopling keras.\r\nAccu butuh di strum.\r\nBan depan sudah tipis.', 0, 0, '8', 'Selesai', '2022-07-22 16:18:19', '2022-07-22 16:18:50'),
(261, '2022-07-13', 'PM00214', '00010', 1, 'Nahrowi', 'Kopling atas bocor.\r\nAccu butuh di strum.', 0, 0, '2', 'Selesai', '2022-07-22 16:19:40', '2022-07-22 16:20:18'),
(262, '2022-07-13', 'PM00215', '00262', 1, 'Adi Cahyono', 'Ganti accu.\r\nGanti 2 buah ban', 0, 0, '5', 'Selesai', '2022-07-22 16:49:38', '2022-07-22 16:49:51'),
(263, '2022-07-13', 'PM00216', '00044', 1, 'Yunarwanto', 'Tambah air accu.', 0, 0, '6', 'Selesai', '2022-07-22 16:52:38', '2022-07-22 16:55:42'),
(264, '2022-07-14', 'PM00217', '00021', 1, 'Sholeh Mardani', 'Ganti filter solar, karena tenaga sudah mulai berat.\r\nSetel vanbelt.\r\nGanti kampas rem kiri belakang', 0, 0, '7', 'Selesai', '2022-07-22 17:00:35', '2022-07-22 17:01:01'),
(265, '2022-07-14', 'PM00218', '00052', 1, 'Muchtar', 'Bohlam double 2 buah.\r\nEngkel besar 5 buah.\r\nEngkel kecil 5 buah.', 0, 0, '5', 'Selesai', '2022-07-22 17:02:22', '2022-07-22 17:02:56'),
(266, '2022-07-14', 'PM00219', '00233', 1, 'R. Tedy', 'Oli meditran sae40w 2 buah.', 0, 0, '9', 'Selesai', '2022-07-22 17:04:32', '2022-07-22 22:12:05'),
(267, '2022-07-14', 'PM00220', '00071', 1, 'Edi Parmono', 'Ganti filter solar.', 0, 0, '4', 'Selesai', '2022-07-22 17:05:13', '2022-07-22 22:11:45'),
(268, '2022-07-22', 'PM00221', '00013', 1, 'M.Arifin', 'Seal klep rem tengah bermasalah.\r\nGanti oli rem.\r\nGanti filter solar atas 131989', 0, 0, '5', 'Selesai', '2022-07-22 22:11:23', '2022-07-22 22:11:42'),
(269, '2022-07-22', 'PM00222', '00012', 1, 'Wahyu Nugroho', 'Ganti repair kit kura-kura', 0, 0, '5', 'Selesai', '2022-07-22 22:15:40', '2022-07-22 22:15:50'),
(270, '2022-07-21', 'PM00223', '00061', 1, 'Fandi Ahmad', 'Selang dum.\r\nCalm setang 4 biji.\r\nOli sae10w 2 liter.', 0, 0, '9', 'Selesai', '2022-07-22 22:17:15', '2022-07-22 22:17:29'),
(271, '2022-07-21', 'PM00224', '00017', 1, 'Dayat', 'Ganti oli sae40w 12 liter.\r\nService stel kopling.\r\nGanti filter solar.\r\nGanti oloran dump.', 0, 0, '6', 'Selesai', '2022-07-22 22:32:02', '2022-07-22 22:32:24'),
(272, '2022-07-21', 'PM00225', '00252', 1, 'Sisyadi', 'Ganti filter solar.', 0, 0, '7', 'Selesai', '2022-07-22 22:51:58', '2022-07-22 22:52:20'),
(273, '2022-07-22', 'PM00226', '00056', 1, 'Teguh Andi', 'Ganti filter solar atas.', 0, 0, '4', 'Selesai', '2022-07-22 22:58:30', '2022-07-22 22:58:43'),
(274, '2022-07-19', 'PM00227', '00220', 1, 'Suherwanto', 'Oli rem bocor.\r\nService rem belakang kiri.', 0, 0, '5', 'Selesai', '2022-07-22 23:08:58', '2022-07-22 23:09:19'),
(275, '2022-07-23', 'PM00228', '00186', 1, 'Trubus Muntolib', 'Minyak rem=Oli Rem Redex=1 botol', 0, 0, '2', 'Selesai', '2022-07-23 15:27:36', '2022-07-23 15:28:45'),
(276, '2022-07-23', 'PM00229', '00062', 1, 'Eris', 'Oli mesin SAE 40  = 7 ltr\r\nOli gardan Rored 140=2 ltr', 0, 0, '2', 'Selesai', '2022-07-23 22:18:13', '2022-07-23 22:35:24'),
(277, '2022-07-23', 'PM00230', '00044', 1, 'Yunarwanto', 'Ganti long stir = 1 set\r\nganti drak link = 1 set\r\n(diambilkan dari HD 33)', 0, 0, '2', 'Selesai', '2022-07-23 22:20:25', '2022-07-23 22:35:27'),
(278, '2022-07-23', 'PM00231', '00261', 1, 'M ichsan', 'Oli SAE 40 = 10 ltr', 0, 0, '2', 'Selesai', '2022-07-23 22:33:16', '2022-07-23 22:35:30'),
(279, '2022-07-23', 'PM00232', '00144', 1, 'Wilson', 'Oli Mesin =  5 ltr\r\nAir Aki  = 5 botol', 0, 0, '2', 'Selesai', '2022-07-23 22:34:20', '2022-07-23 22:35:33'),
(280, '2022-07-26', 'PM00233', '00011', 1, 'Darmansyah', 'Oli rem redex= 1 botol= 1 ltr', 0, 0, '2', 'Selesai', '2022-07-26 15:51:34', '2022-07-26 15:54:17'),
(281, '2022-07-26', 'PM00234', '00023', 1, 'Muhtadin', 'Oli rem redex= 1 botol= 1 ltr\r\nAir aki=1 botol', 0, 0, '2', 'Selesai', '2022-07-26 15:53:17', '2022-07-26 15:54:19'),
(282, '2022-07-26', 'PM00235', '00231', 1, 'Drajat', 'Balon /bohlam Engkel  kecil= 1 dus @ 6 btl\r\nSekering  kecil 24 V= 4 bh', 0, 0, '2', 'Selesai', '2022-07-26 20:38:53', '2022-07-26 22:57:12'),
(283, '2022-07-25', 'PM00236', '00071', 1, 'Edi Parmono', 'Kuras tangki.\r\nGanti filter atas-bawah.', 0, 0, '7', 'Selesai', '2022-07-26 22:17:10', '2022-07-26 22:17:30'),
(284, '2022-07-22', 'PM00237', '00230', 1, 'Rohmat Agus', 'Ganti filter solar atas-bawah', 0, 0, '6', 'Selesai', '2022-07-26 22:31:34', '2022-07-26 22:31:44'),
(285, '2022-07-25', 'PM00238', '00013', 1, 'M Arifin', 'Oli rem redex= 1 btl', 0, 0, '2', 'Selesai', '2022-07-26 22:58:22', '2022-07-26 22:59:03'),
(286, '2022-07-26', 'PM00239', '00180', 1, 'Muh Anis', 'Oli Mediteran SAE 10 W= 10 ltr\r\nBohlam Lampu H4=2 bh', 0, 0, '2', 'Selesai', '2022-07-26 23:01:41', '2022-07-27 15:46:38'),
(287, '2022-07-27', 'PM00240', '00017', 1, 'Dayat', 'Air Aki= 1 btl\r\nMinyak rem=oli rem redex 1 btl', 0, 0, '2', 'Selesai', '2022-07-27 20:53:27', '2022-07-27 20:53:48'),
(288, '2022-07-26', 'PM00241', '00016', 1, 'Jamik', 'Ganti baut roda sebelah kiri.', 0, 0, '4', 'Selesai', '2022-07-28 15:22:22', '2022-07-28 15:22:59'),
(289, '2022-07-23', 'PM00242', '00137', 1, 'Hulnen', 'Tap oli mesin sae40w 5 liter.\r\nTap oli sae10w 20 liter.', 0, 0, '5', 'Selesai', '2022-07-28 15:25:08', '2022-07-28 15:25:45'),
(290, '2022-07-26', 'PM00243', '00249', 1, 'Indro P', 'Oli hidrolik 20 liter.\r\nOli hidrolik 5 liter.', 0, 0, '9', 'Selesai', '2022-07-28 15:28:23', '2022-07-28 15:29:40'),
(292, '2022-07-20', 'PM00244', '00180', 1, 'Anis', 'Kopling macet.', 0, 0, '5', 'Selesai', '2022-07-28 15:36:48', '2022-07-28 15:37:03'),
(293, '2022-07-28', 'PM00245', '00195', 1, 'Manan', 'Oli Meditran SAE 10 W  = 5ltr', 0, 0, '2', 'Selesai', '2022-07-28 15:37:16', '2022-07-28 15:37:51'),
(294, '2022-07-28', 'PM00246', '00209', 1, 'Sunaryono', 'Oli Mediteran SAE 40 = 4 ltr\r\nOli Rem Redex=1 btl', 0, 0, '2', 'Selesai', '2022-07-28 15:38:40', '2022-07-28 15:43:44'),
(295, '2022-07-28', 'PM00247', '00012', 1, 'Wahyu Nugroho', 'Spion Sebelah kiri kotor=ganti spion=spion lohan kiri 1 bh', 0, 0, '2', 'Selesai', '2022-07-28 15:41:54', '2022-07-28 15:43:47'),
(296, '2022-07-20', 'PM00248', '00263', 1, 'M.Anis', 'Lampu rem dipindah ke  AA 9654 A', 0, 0, '7', 'Selesai', '2022-07-28 16:00:28', '2022-07-28 16:00:46'),
(297, '2022-07-20', 'PM00249', '00038', 1, 'Zamroni', 'Ganti ban luar dalam 2 set', 0, 0, '2', 'Selesai', '2022-07-28 16:08:07', '2022-08-22 22:41:57'),
(298, '2022-07-20', 'PM00250', '00188', 1, 'Subejo', 'Sprayer Hama', 0, 0, '2', 'Selesai', '2022-07-28 16:09:17', '2022-08-22 22:42:03'),
(299, '2022-07-27', 'PM00251', '00014', 1, 'Suharno', 'Oli mediteran DAE 40=13 ltr\r\n Filter Solar ME-131989=1 btl', 0, 0, '4', 'Selesai', '2022-07-28 21:19:22', '2022-07-28 21:34:42'),
(300, '2022-07-27', 'PM00252', '00180', 1, 'R. Tedy', 'Oli Mediteran SAE 40 = 8 ltr\r\nOli Mediteran SAE 10 W=4 ltr\r\nAir Aki=4 btl.\r\nAA 9221 A. self loader', 0, 0, '2', 'Selesai', '2022-07-28 21:24:38', '2022-08-04 20:58:44'),
(301, '2022-07-28', 'PM00253', '00234', 3, 'Adi Joko M', 'Tambah Oli Mediteran SAE 40 = 4 ltr', 0, 0, '2', 'Selesai', '2022-07-28 21:29:16', '2022-07-28 21:34:46'),
(302, '2022-07-29', 'PM00254', '00196', 1, 'Manan', 'Filter 4700939082=1 btl\r\nFilter 4700945147=1 btl\r\nFilter Oli 9700945624=1 btl\r\nOli Mediteran SAE 40= 25 ltr', 0, 0, '2', 'Selesai', '2022-07-28 21:32:35', '2022-07-28 21:34:47'),
(303, '2022-07-27', 'PM00255', '00018', 1, 'Heri Sutopo', 'Kep Rem 55-56= 2 btl\r\nFilter Solar ME 131989 = 1 btl\r\nOli Rem Redex = 1 btl', 0, 0, '5', 'Selesai', '2022-07-28 21:49:37', '2022-07-28 21:50:01'),
(304, '2022-07-28', 'PM00256', '00252', 1, 'Sisyadi', 'Ban dalam dop rusak= Ban dalam 750x16= 1 bh', 0, 0, '2', 'Selesai', '2022-07-28 22:35:09', '2022-07-28 22:35:32'),
(305, '2022-08-01', 'PM00257', '00071', 1, 'Edi Parmono', 'Kerusakan minor pada tangki. ( kanginan )', 0, 0, '3', 'Selesai', '2022-08-01 18:39:03', '2022-08-01 18:39:26'),
(306, '2022-07-29', 'PM00258', '00231', 1, 'Sulis', 'Perbaikan PTO.\r\nTap oli transmisi.', 0, 0, '4', 'Selesai', '2022-08-01 18:41:15', '2022-08-01 18:41:36'),
(307, '2022-08-02', 'PM00259', '00240', 3, 'Mustaqim', 'Oli SAE 10 W = 5 liter', 0, 0, '2', 'Selesai', '2022-08-02 16:04:51', '2022-08-02 16:05:18'),
(308, '2022-08-08', 'PM00260', '00037', 1, 'Eko P', 'Service rem ( ganti kep rem 4 buah )', 0, 0, '4', 'Selesai', '2022-08-09 22:14:22', '2022-08-09 22:14:44'),
(309, '2022-08-08', 'PM00261', '00264', 1, 'Ahmad Saefudin', 'Ganti dumper/penyangga per', 0, 0, '2', 'Selesai', '2022-08-11 16:41:51', '2022-08-15 17:25:21'),
(310, '2022-07-29', 'PM00262', '00217', 1, 'Suherwanto', 'Tap oli sae10w sebanyak 8 liter.\r\nTap oli epa 140 sebanyak 12 liter.', 0, 0, '4', 'Selesai', '2022-08-11 16:46:24', '2022-08-11 16:46:37'),
(311, '2022-08-02', 'PM00263', '00252', 1, 'Sisyadi', 'Tap oli mesin 3 liter', 0, 0, '5', 'Selesai', '2022-08-11 16:49:24', '2022-08-11 16:49:36'),
(312, '2022-08-03', 'PM00264', '00016', 1, 'Jamik', 'Tap oli rem.', 0, 0, '3', 'Selesai', '2022-08-11 16:58:38', '2022-08-11 16:58:50'),
(313, '2022-08-09', 'PM00265', '00013', 1, 'Arifin', 'Ganti tutup seal deck ( oper dari Tp04 )\r\nGanti flasher sein Mitsubishi krn terbakar', 0, 0, '8', 'Selesai', '2022-08-11 17:01:42', '2022-08-11 17:02:13'),
(314, '2022-08-13', 'PM00266', '00005', 1, 'Dwi Wijanarko', 'Ganti ban vulkanisir', 0, 0, '3', 'Selesai', '2022-08-15 15:52:58', '2022-08-15 15:53:11'),
(315, '2022-08-13', 'PM00267', '00016', 1, 'Jamik', 'Ganti ban luar 1000x20 2 buah, ban dalam 900 x 20 2 buah, marset R20 2 buah', 0, 0, '5', 'Selesai', '2022-08-15 16:10:42', '2022-08-15 17:22:04'),
(316, '2022-08-12', 'PM00268', '00014', 1, 'Suharno', 'Ganti ban luar 1000x20 2 buah', 0, 0, '6', 'Selesai', '2022-08-15 16:14:55', '2022-08-15 17:21:10'),
(317, '2022-08-13', 'PM00269', '00233', 1, 'Sulistyo', 'Ganti ban luar 750x16 2 buah, ban dalam 750x16 2 buah, manset 2 buah', 0, 0, '7', 'Selesai', '2022-08-15 16:16:30', '2022-08-15 17:22:09'),
(318, '2022-08-13', 'PM00270', '00018', 1, 'Heri Sutopo', 'Ganti ban luar 1000x20 2 buah, ban dalam 900x20 2 buah, marset 2 buah', 0, 0, '2', 'Selesai', '2022-08-15 16:26:37', '2022-08-15 17:21:11'),
(319, '2022-08-13', 'PM00271', '00011', 1, 'Darmansyah', 'Ganti ban luar 1000x20 2 buah, ban dalam 900x20 2 buah, marset 2 buah', 0, 0, '3', 'Selesai', '2022-08-15 16:28:11', '2022-08-15 17:21:13'),
(320, '2022-08-12', 'PM00272', '00010', 1, 'Achmad Nahrowi', 'Ganti ban luar 1000x20 2 buah, ban dalam 900x20 2 buah, marset 2 buah', 0, 0, '4', 'Selesai', '2022-08-15 16:29:03', '2022-08-15 17:23:21'),
(321, '2022-08-12', 'PM00273', '00016', 1, 'Jamik', 'Ganti filter solar', 0, 0, '5', 'Selesai', '2022-08-15 16:35:05', '2022-08-15 17:22:11'),
(322, '2022-08-11', 'PM00274', '00165', 1, 'Ahmad Sodikun', 'Ganti filter solar', 0, 0, '6', 'Selesai', '2022-08-15 16:35:51', '2022-08-15 17:22:07');
INSERT INTO `permintaan` (`id`, `tanggal`, `kode_permintaan`, `kode_customer`, `id_lokasi`, `user`, `Keluhan`, `total_item`, `total_harga`, `id_mekanik`, `status`, `created_at`, `updated_at`) VALUES
(323, '2022-08-11', 'PM00275', '00209', 1, 'Sunaryono', 'Tap oli sae 10 w', 0, 0, '7', 'Selesai', '2022-08-15 16:42:25', '2022-08-15 17:22:35'),
(324, '2022-08-09', 'PM00276', '00073', 1, 'Edi Parmono', 'service kep rem 13/16 10 buah.\r\nGanti kep rem depan kanan kiri dan belakang kanan kiri.\r\nservice lampu-lampu.', 0, 0, '9', 'Selesai', '2022-08-15 16:46:09', '2022-08-15 17:22:49'),
(325, '2022-08-10', 'PM00277', '00018', 1, 'Heri Sutopo', 'Tap oli mesin sae 40 w 2 liter', 0, 0, '2', 'Selesai', '2022-08-15 16:47:33', '2022-08-15 17:23:27'),
(326, '2022-08-15', 'PM00278', '00178', 1, 'Wilson', 'Tap oli sae 90 2 liter', 0, 0, '3', 'Selesai', '2022-08-15 16:48:27', '2022-08-15 17:23:13'),
(327, '2022-08-15', 'PM00279', '00250', 1, 'Rohmad S.', 'stel rem.\r\nganti filter solar atas.', 0, 0, '9', 'Selesai', '2022-08-15 16:59:51', '2022-08-15 17:23:48'),
(328, '2022-08-09', 'PM00280', '00231', 1, 'Sulis', 'Tap oli mesin sae40w sebanyak 2 liter', 0, 0, '2', 'Selesai', '2022-08-15 17:00:42', '2022-08-15 17:23:42'),
(329, '2022-08-08', 'PM00281', '00010', 1, 'Achmad Nahrowi', 'ganti accu baru n50 2 buah', 0, 0, '3', 'Selesai', '2022-08-15 17:01:48', '2022-08-22 22:42:00'),
(330, '2022-08-08', 'PM00282', '00020', 1, 'Pri Wijayanto', 'ganti accu n50 2 buah', 0, 0, '4', 'Selesai', '2022-08-15 17:03:03', '2022-08-22 22:42:01'),
(331, '2022-08-13', 'PM00283', '00022', 1, 'Rohmat Hadi', 'ganti accu n50 2 buah', 0, 0, '5', 'Selesai', '2022-08-15 17:04:51', '2022-08-22 22:42:05'),
(332, '2022-08-08', 'PM00284', '00011', 1, 'Darmansyah', 'ganti accu n50 2 buah', 0, 0, '6', 'Selesai', '2022-08-15 17:06:32', '2022-08-22 22:42:07'),
(333, '2022-08-10', 'PM00285', '00013', 1, 'Arifin', 'switch klakson 1 buah', 0, 0, '7', 'Selesai', '2022-08-15 17:07:27', '2022-08-15 17:24:17'),
(334, '2022-08-15', 'PM00286', '00241', 1, 'Fery adi', 'ganti filter oli hidrolik j86-10230 2 buah', 0, 0, '5', 'Selesai', '2022-08-15 17:08:59', '2022-08-15 17:24:11'),
(335, '2022-08-08', 'PM00287', '00035', 1, 'Muklis', 'Filter solar', 0, 0, '9', 'Selesai', '2022-08-15 17:10:28', '2022-08-15 17:24:12'),
(336, '2022-08-06', 'PM00288', '00143', 1, 'Teguh', 'ganti filter solar atas dan bawah.', 0, 0, '5', 'Selesai', '2022-08-15 17:12:26', '2022-08-15 17:25:18'),
(337, '2022-08-05', 'PM00289', '00233', 1, 'Sulis', 'ganti oli rem.\r\ntap oli hidrolik sae10w 2 liter.', 0, 0, '3', 'Selesai', '2022-08-15 17:13:40', '2022-08-15 17:25:18'),
(338, '2022-08-05', 'PM00290', '00265', 1, 'sony r', 'ganti bohlam 12 v\r\nganti bushing stir\r\nganti bushing terot', 0, 0, '4', 'Selesai', '2022-08-15 17:15:38', '2022-08-15 17:25:27'),
(339, '2022-08-15', 'PM00291', '00217', 1, 'Teddy', 'ganti oli transmisi 90 sae sebanyak 13 liter', 0, 0, '9', 'Selesai', '2022-08-15 17:17:41', '2022-08-15 17:25:28'),
(340, '2022-08-15', 'PM00292', '00013', 1, 'M.Arifin', 'service perpak silinder head\r\ntermo start trouble\r\nperlu dilakukan korok radiator', 0, 0, '2', 'Selesai', '2022-08-15 22:47:50', '2022-08-22 22:42:07'),
(341, '2022-08-18', 'PM00293', '00266', 5, 'Alip', 'Konslet ( tidak keluar stroom )', 0, 0, '16', 'Selesai', '2022-08-22 15:22:30', '2022-08-22 22:42:10'),
(342, '2022-08-19', 'PM00294', '00037', 1, 'Eko Prasetyo', 'Ganti ban luar 750x16 2 buah\r\nGanti ban dalam 750x16 2 buah\r\nmanset 2 buah', 0, 0, '3', 'Selesai', '2022-08-22 16:05:27', '2022-08-22 22:42:11'),
(343, '2022-08-15', 'PM00295', '00033', 1, 'Rofik', 'Ganti terpal untuk penutup aspal ( sobek )\r\nGanti filter solar atas dan bawah \r\nGanti filter udara', 0, 0, '4', 'Selesai', '2022-08-22 16:12:22', '2022-08-22 22:42:12'),
(344, '2022-08-15', 'PM00296', '00233', 1, 'Sulis', 'Tambah oli hidrolik sae10w 1,5 liter', 0, 0, '5', 'Selesai', '2022-08-22 16:26:05', '2022-08-22 22:42:14'),
(345, '2022-08-22', 'PM00297', '00137', 5, 'Hulnen', 'Ganti kuku 5 buah', 0, 0, '16', 'Selesai', '2022-08-22 16:38:36', '2022-08-22 22:42:14'),
(346, '2022-08-16', 'PM00298', '00267', 1, 'Feri Kusmiyanto', 'Mau dikirim ke Pamanukan\r\nTap oli mesin sae40w 6 liter\r\nGanti filter solar\r\nGanti filter oli', 0, 0, '8', 'Selesai', '2022-08-22 16:44:54', '2022-08-22 22:42:15'),
(347, '2022-08-16', 'PM00299', '00217', 1, 'Teddy', 'Tap oli hidrolik sae10w 1,5 liter', 0, 0, '6', 'Selesai', '2022-08-22 16:57:01', '2022-08-22 22:42:17'),
(348, '2022-08-18', 'PM00300', '00034', 1, 'M. Tohir', 'Ganti ban belakang kanan 750x16 2 ban', 0, 0, '7', 'Selesai', '2022-08-22 17:53:00', '2022-08-22 22:42:17'),
(349, '2022-08-18', 'PM00301', '00179', 1, 'Sulis', 'Ganti ban luar dan dalam ukuran 1000x20 1 buah', 0, 0, '8', 'Selesai', '2022-08-22 17:53:59', '2022-08-22 22:42:18'),
(350, '2022-08-19', 'PM00302', '00024', 1, 'Muh. Tadin', 'Ganti ban luar  1000x20 4 buah\r\nGanti ban dalam 900x20 4 buah\r\nGanti manset 4 buah', 0, 0, '9', 'Selesai', '2022-08-22 17:55:10', '2022-08-22 22:42:21'),
(351, '2022-08-18', 'PM00303', '00025', 1, 'Purwoko', 'ganti ban luar 1000x20 2 buah\r\nganti ban dalam 900x20 2 buah\r\ngantib manset 2 buah', 0, 0, '2', 'Selesai', '2022-08-22 17:56:21', '2022-08-22 22:42:22'),
(352, '2022-08-18', 'PM00304', '00018', 1, 'Heri Sutopo', 'Ganti ban luar 1000x20 4 buah\r\nganti ban dalam 900x20 4 buah\r\nganti manset 4 buah\r\nvulkanisir ban 1000x20 1 buah', 0, 0, '2', 'Selesai', '2022-08-22 17:57:32', '2022-08-22 22:42:22'),
(353, '2022-08-22', 'PM00305', '00265', 1, 'Budiyono', 'ganti ban L300 2 buah', 0, 0, '3', 'Selesai', '2022-08-22 17:58:27', '2022-08-22 22:42:26'),
(354, '2022-08-18', 'PM00306', '00179', 1, 'Sulis', 'Ganti 1 set filter solar', 0, 0, '3', 'Selesai', '2022-08-22 17:59:12', '2022-08-22 22:42:29'),
(355, '2022-08-22', 'PM00307', '00240', 3, 'Mustakim', 'tap oli sae10w 5 liter\r\ntap oli sae40w 1,5 liter', 0, 0, '4', 'Selesai', '2022-08-22 18:00:33', '2022-08-22 22:42:35'),
(356, '2022-08-18', 'PM00308', '00035', 1, 'Muklis', 'ganti ban luar 750x16 1 buah\r\nganti ban dalam 750x16 1 buah\r\nganti manset 1 buah\r\ntap oli mesin sae40w 8 liter', 0, 0, '5', 'Selesai', '2022-08-22 18:36:50', '2022-08-22 22:42:35'),
(357, '2022-08-18', 'PM00309', '00036', 1, 'Sunaryadi', 'Ganti ban luar 750x16 1 buah\r\nganti ban dalam 750x16 1 buah\r\nganti manset 1 buah', 0, 0, '6', 'Selesai', '2022-08-22 18:37:53', '2022-08-22 22:42:32'),
(358, '2022-08-18', 'PM00310', '00147', 1, 'Prayoga', 'Tap oli sae40w 15 liter\r\nTap grease rotary', 0, 0, '7', 'Selesai', '2022-08-22 18:39:06', '2022-08-22 22:42:36'),
(359, '2022-08-18', 'PM00311', '00139', 1, 'Suyadi', 'tap oli sae40w 15 liter\r\nganti filter oli\r\nganti filter solar\r\ntap grease rotary', 0, 0, '8', 'Selesai', '2022-08-22 18:40:21', '2022-08-22 22:42:39'),
(360, '2022-08-16', 'PM00312', '00020', 1, 'Pri Wijayanto', 'ganti ban luar 1000x20 2 buah\r\nganti ban dalam 900x20 3 buah\r\nganti manset 3 buah\r\ntap oli rem', 0, 0, '9', 'Selesai', '2022-08-22 18:42:35', '2022-08-22 22:42:39'),
(361, '2022-08-16', 'PM00313', '00017', 1, 'Hidayat', 'ganti ban luar 1000x20 3 buah\r\nganti ban dalam 900x20 3 buah\r\nganti manset 3 buah\r\nganti ban vulkanisir 1000x20 1 buah', 0, 0, '2', 'Selesai', '2022-08-22 18:43:51', '2022-08-22 22:42:40'),
(362, '2022-08-16', 'PM00314', '00015', 1, 'Jamik', 'ganti ban luar 1000x20 3 buah\r\nganti ban dalam 900x20 3 buah\r\nganti manset 3 buah\r\nganti ban vulkanisir 1000x20 1 buah', 0, 0, '3', 'Selesai', '2022-08-22 18:44:51', '2022-08-22 22:42:40'),
(363, '2022-08-16', 'PM00315', '00179', 1, 'Sulis', 'ganti sekering 5 buah\r\nsolasi 1 buah\r\nganti balon engkel 5 buah', 0, 0, '4', 'Selesai', '2022-08-22 18:45:34', '2022-08-22 22:42:44'),
(364, '2022-08-19', 'PM00316', '00052', 1, 'Muchtar', 'ganti ban luar 750x16 2 buah\r\nganti ban dalam 750x16 2 buah\r\nganti manset 2 buah', 0, 0, '5', 'Selesai', '2022-08-22 18:46:34', '2022-08-22 22:42:49'),
(365, '2022-08-20', 'PM00317', '00073', 1, 'Edi Parmono', 'Perbaikan pompa hidrolik dan setel oloran dump', 0, 0, '2', 'Selesai', '2022-08-22 22:23:57', '2022-08-22 22:42:45'),
(366, '2022-08-19', 'PM00318', '00188', 1, 'Subejo', 'Tap oli mesin sae40w 30 liter\r\nganti filter solar\r\nganti filter oli\r\nganti filter udara', 0, 0, '3', 'Selesai', '2022-08-22 22:25:29', '2022-08-22 22:42:49'),
(367, '2022-08-19', 'PM00319', '00181', 1, NULL, 'Selang PTO pecah, ganti selang PTO\r\nTap oli hidrolik sae10w 20 liter', 0, 0, '2', 'Selesai', '2022-08-22 22:26:48', '2022-08-22 22:42:50'),
(368, '2022-08-20', 'PM00320', '00015', 1, 'Purwanto', 'ganti ban luar 1000x20 2 buah\r\nganti ban dalam 900x20 2 buah\r\nganti manset 2 buah\r\nTap oli sae10w 5 liter', 0, 0, '4', 'Selesai', '2022-08-22 22:28:36', '2022-08-22 22:42:50'),
(369, '2022-08-20', 'PM00321', '00025', 1, 'Purwanto Prasetyo', 'ganti accu n50 2 buah\r\npasang klem accu 4 buah', 0, 0, '5', 'Selesai', '2022-08-22 22:36:08', '2022-08-22 22:42:54'),
(370, '2022-08-18', 'PM00322', '00022', 1, 'Rohmat Hadi', 'ganti ban luar 1000x20 3 buah\r\nganti ban dalam 900x20 3 buah\r\nganti manset 3  buah\r\nganti ban vulkanisir 1000x20 1 buah', 0, 0, '6', 'Selesai', '2022-08-22 22:37:27', '2022-08-22 22:42:56'),
(371, '2022-08-20', 'PM00323', '00012', 1, 'Wahyu Nugroho', 'ganti accu n50  2 buah\r\npasang klem accu 4 buah', 0, 0, '7', 'Selesai', '2022-08-22 22:38:15', '2022-08-22 22:42:57'),
(372, '2022-08-29', 'PM00324', '00268', 1, 'Budi Ari', 'nipel selang pecah\r\ntap oli sae10w sebanyak 10 liter', 0, 0, '12', 'Selesai', '2022-08-29 18:16:29', '2022-08-29 18:16:41'),
(373, '2022-08-29', 'PM00325', '00073', 1, 'Edi P.', 'ganti accu 1 buah n50 Incoe\r\ntambah klem accu 2 buah\r\nservice gps', 0, 0, '8', 'Selesai', '2022-08-29 18:17:55', '2022-08-29 18:47:45'),
(374, '2022-08-29', 'PM00326', '00268', 1, 'Budi Ari', 'tap oli sae40w 2 liter', 0, 0, '12', 'Selesai', '2022-08-29 21:59:48', '2022-08-29 22:01:16'),
(375, '2022-08-29', 'PM00327', '00269', 1, 'Darkoni', 'tap oli sae 40 w 7 liter', 0, 0, '13', 'Selesai', '2022-08-29 22:00:26', '2022-08-29 22:01:16'),
(376, '2022-08-29', 'PM00328', '00270', 1, 'Darkoni', 'tap oli sae40w 5 liter', 0, 0, '13', 'Selesai', '2022-08-29 22:00:56', '2022-08-29 22:01:17'),
(377, '2022-08-29', 'PM00329', '00060', 1, 'Suprihatin', 'ganti kampas kopling 1 buah\r\ntap oli hidrolik sae10w 1 liter\r\nganti bohlam lampu engkel kecil 24V 4 buah', 0, 0, '2', 'Selesai', '2022-08-29 22:02:50', '2022-08-29 22:03:03'),
(378, '2022-09-03', 'PM00330', '00038', 1, 'Zamroni', 'ganti ban dalam ukuran 750x16 1 buah', 0, 0, '4', 'Selesai', '2022-09-03 15:27:35', '2022-09-03 18:32:20'),
(379, '2022-09-03', 'PM00331', '00044', 1, 'Yunarwanto', 'tap oli mesin sae40w 2 liter', 0, 0, '5', 'Selesai', '2022-09-03 15:29:18', '2022-09-03 18:32:21'),
(380, '2022-09-02', 'PM00332', '00075', 1, 'Prasetyo Eri', 'filter solar atas-bawah 1 buah', 0, 0, '6', 'Selesai', '2022-09-03 15:31:07', '2022-09-03 18:32:21'),
(381, '2022-09-01', 'PM00333', '00209', 9, 'Andre', 'ganti accu n70 fitzer 2 buah', 0, 0, '7', 'Selesai', '2022-09-03 15:33:30', '2022-09-03 18:32:39'),
(382, '2022-09-01', 'PM00334', '00073', 1, 'Edi Parmono', 'ganti ban belakang 2 buah dgn rincian sbb :\r\nban luar 750x16 2 buah\r\nban dalam 750x16 2 buah\r\nmarset r16 2 buah', 0, 0, '8', 'Selesai', '2022-09-03 15:37:20', '2022-09-03 18:32:39'),
(383, '2022-09-01', 'PM00335', '00012', 1, 'Wahyu Nugroho', 'minta  baut roda 8 buah\r\nring R.20 1 buah', 0, 0, '9', 'Selesai', '2022-09-03 16:11:34', '2022-09-03 18:32:44'),
(384, '2022-09-01', 'PM00336', '00061', 1, 'Fandi Ahmad', 'ganti ban luar 750x16 2 buah\r\nganti ban dalam 750x16 2 buah\r\nganti marset 2 buah', 0, 0, '2', 'Selesai', '2022-09-03 16:12:58', '2022-09-03 18:33:12'),
(385, '2022-09-01', 'PM00337', '00075', 1, 'Prasetyo Eri', 'ganti ban luar 750x16 2 buah\r\nganti ban dalam 750x16 2 buah\r\nganti marset 2 buah', 0, 0, '3', 'Selesai', '2022-09-03 16:14:22', '2022-09-03 18:33:12'),
(386, '2022-09-01', 'PM00338', '00014', 1, 'Suharno', 'ganti bohlam kecil 24V 6 buah\r\nganti bohlam besar 24V 2 buah', 0, 0, '4', 'Selesai', '2022-09-03 16:16:52', '2022-09-03 18:33:13'),
(387, '2022-09-01', 'PM00339', '00230', 1, 'Rohmat Agus', 'ganti filter solar atas-bawah', 0, 0, '5', 'Selesai', '2022-09-03 16:17:34', '2022-09-03 18:33:26'),
(388, '2022-09-02', 'PM00340', '00076', 1, 'Joko Triyono', 'ganti marset n16 1 buah', 0, 0, '5', 'Selesai', '2022-09-03 16:18:34', '2022-09-03 18:33:32'),
(389, '2022-08-27', 'PM00341', '00037', 1, 'Eko Prasetyo', 'stel rem\r\nfilter solar atas fc1003-bawah fc1008 1 buah', 0, 0, '6', 'Selesai', '2022-09-03 16:21:50', '2022-09-03 18:33:32'),
(390, '2022-08-26', 'PM00342', '00271', 1, 'Adi Cahyono', 'ganti lampu reting\r\nservis kaca pintu kiri, gak bisa naik\r\ncek kaki2 mobil\r\ntap oli sae 40w\r\ncek oli power steering\r\nfanbelt kipas bunyi\r\npemanas susah hidup saat pagi', 0, 0, '7', 'Selesai', '2022-09-03 16:28:12', '2022-09-03 18:33:52'),
(391, '2022-08-31', 'PM00343', '00013', 1, 'Arifin', 'ganti accu n50 2 buah\r\ntap oli sae10w 10 liter\r\nganti ban dalam 1000x20 1 buah', 0, 0, '8', 'Selesai', '2022-09-03 16:30:30', '2022-09-03 18:33:49'),
(392, '2022-09-01', 'PM00344', '00217', 1, 'Teddy', 'tap oli sae90 sebanyak 5 liter', 0, 0, '17', 'Selesai', '2022-09-03 16:31:45', '2022-09-03 18:34:09'),
(393, '2022-08-29', 'PM00345', '00183', 1, 'Sutiyono', 'tap oli sae40w\r\nganti filter solar\r\nganti filter oli', 0, 0, '4', 'Selesai', '2022-09-03 16:34:16', '2022-09-03 18:34:14'),
(394, '2022-08-29', 'PM00346', '00185', 1, 'Ferry Kusmiyanto', 'tap oli sae40w 20 liter\r\nganti filter solar\r\nganti filter oli', 0, 0, '9', 'Selesai', '2022-09-03 16:35:50', '2022-09-03 18:34:14'),
(395, '2022-08-31', 'PM00347', '00010', 1, 'Nahrowi', 'ganti bohlam kecil 4 buah\r\nganti bohlam besar 4 buah\r\ntap oli rem 1 botol', 0, 0, '9', 'Selesai', '2022-09-03 16:38:31', '2022-09-03 18:34:19'),
(396, '2022-08-31', 'PM00348', '00142', 1, 'Ahmad Royani', 'pengelasan knalpot karena patah\r\ntap oli hidrolik sae10w 30 liter', 0, 0, '2', 'Selesai', '2022-09-03 17:16:18', '2022-09-03 18:35:26'),
(397, '2022-08-31', 'PM00349', '00141', 1, 'Ahmad Royani', 'Selang control valve pecah\r\ntap oli hidrolik sae10w 30 liter', 0, 0, '8', 'Selesai', '2022-09-03 17:50:53', '2022-09-03 18:35:22'),
(398, '2022-09-02', 'PM00350', '00025', 1, 'Purwoko', 'tap oli mesin sae40w 1,5 liter', 0, 0, '5', 'Selesai', '2022-09-03 17:52:00', '2022-09-03 18:35:28'),
(399, '2022-08-29', 'PM00351', '00243', 1, 'Ahmad Royani', 'tap oli sae40w 5 liter', 0, 0, '8', 'Selesai', '2022-09-03 17:54:54', '2022-09-03 18:35:22'),
(400, '2022-08-25', 'PM00352', '00010', 1, 'Nahrowi', 'tap oli mesin sae40w 13 liter\r\nganti filter solar\r\nganti filter oli\r\ncek pengereman', 0, 0, '8', 'Selesai', '2022-09-03 17:56:42', '2022-09-03 18:35:38'),
(401, '2022-08-25', 'PM00353', '00012', 1, 'Wahyu Nugroho', 'tap oli sae40w 10 liter\r\nganti filter solar atas 1 buah', 0, 0, '9', 'Selesai', '2022-09-03 17:57:25', '2022-09-03 18:35:41'),
(402, '2022-08-25', 'PM00354', '00011', 1, 'Darmansyah', 'tap oli sae40w 15 loiter\r\nganti filter oli 1 buah\r\nganti filter solar atas-bawah\r\ntap oli rem', 0, 0, '17', 'Selesai', '2022-09-03 17:58:56', '2022-09-03 18:35:46'),
(403, '2022-08-29', 'PM00355', '00144', 1, 'Ahmad Royani', 'mesin drop, low engine\r\ntambah oli hidrolik sae10w 20 liter', 0, 0, '8', 'Selesai', '2022-09-03 18:01:19', '2022-09-03 18:35:41'),
(404, '2022-08-27', 'PM00356', '00179', 1, 'Sulis', 'ganti klem accu 2 buah', 0, 0, '2', 'Selesai', '2022-09-03 18:05:17', '2022-09-03 18:35:42'),
(405, '2022-08-26', 'PM00357', '00044', 1, 'Yunarwanto', 'ganti filter solar atas fc1003 1 buah\r\nganti filter solar bawah fc1008 1 buah', 0, 0, '3', 'Selesai', '2022-09-03 18:09:33', '2022-09-03 18:36:01'),
(406, '2022-08-26', 'PM00358', '00061', 1, 'Fandi Ahmad', 'ganti filter solar\r\nganti selang dump\r\ntap oli sae10w 5 liter', 0, 0, '6', 'Selesai', '2022-09-03 18:10:41', '2022-09-03 18:36:01'),
(407, '2022-08-24', 'PM00359', '00250', 1, 'Rohmad S.', 'ganti accu n50 2 buah\r\nganti klem accu 4 buah\r\ntambah terpaol canvas 3x4 meter 1 lembar', 0, 0, '4', 'Selesai', '2022-09-03 18:12:16', '2022-09-03 18:36:02'),
(408, '2022-08-24', 'PM00360', '00187', 1, 'Larto', 'tap oli hidrolik sae10w 25 liter', 0, 0, '5', 'Selesai', '2022-09-03 18:16:00', '2022-09-03 18:35:56'),
(409, '2022-08-24', 'PM00361', '00016', 1, 'Jamik', 'tap oli mesin sae40w 13 liter\r\nganti filter oli\r\nstel kopling', 0, 0, '6', 'Selesai', '2022-09-03 18:16:59', '2022-09-03 18:35:56'),
(410, '2022-08-24', 'PM00362', '00020', 1, 'Pri Wijayanto', 'ganti ban luar 2 buah 1000x20\r\nganti ban dalam 2 buah 1000x20\r\nganti marset 2 buah\r\nganti ban vulkanisir 1 buah', 0, 0, '9', 'Selesai', '2022-09-03 18:18:43', '2022-09-03 18:36:08'),
(411, '2022-08-24', 'PM00363', '00075', 1, 'Prasetyo Eri', 'tap oli sae40w 8 liter\r\ntap oli gardan 90 3 liter\r\nganti filter oli\r\nservice rem', 0, 0, '6', 'Selesai', '2022-09-03 18:20:08', '2022-09-03 18:36:18'),
(412, '2022-08-20', 'PM00364', '00038', 1, 'Zamroni', 'rem depan kanan-kiri\r\ntap oli mesin sae40w 2 liter', 0, 0, '3', 'Selesai', '2022-09-03 18:21:57', '2022-09-03 18:36:13'),
(413, '2022-09-06', 'PM00365', '00023', 1, 'Muh Tadin', 'tap oli mesin sae10w 5 liter\r\ntap oli mesin sae40w 3,5 liter', 0, 0, '3', 'Selesai', '2022-09-07 16:30:41', '2022-09-08 22:40:07'),
(414, '2022-09-05', 'PM00366', '00230', 1, 'Rochmat Agus Musafak', 'service selang pengembalian oli\r\nganti kep kopling\r\nsetel rem', 0, 0, '2', 'Selesai', '2022-09-07 16:33:29', '2022-09-08 22:40:08'),
(415, '2022-09-03', 'PM00367', '00075', 1, 'Prasetyo Eri', 'ganti kep rem ( rem belakang kiri rembes )\r\npenggantian kep rem ( rem depan kiri rembes )', 0, 0, '18', 'Selesai', '2022-09-07 16:35:24', '2022-09-08 22:40:27'),
(416, '2022-09-05', 'PM00368', '00230', 1, 'Rochmat Agus M', 'tap oli rem 1 botol', 0, 0, '5', 'Selesai', '2022-09-07 17:29:27', '2022-09-08 22:40:17'),
(417, '2022-09-05', 'PM00369', '00153', 1, 'Rizky M.H', 'tap oli mesin sae40w 10 liter', 0, 0, '2', 'Selesai', '2022-09-07 17:39:32', '2022-09-08 22:40:18'),
(418, '2022-09-07', 'PM00370', '00272', 1, 'Budi Ari', 'service karburator\r\ntap oli sae40w 3 liter', 0, 0, '12', 'Selesai', '2022-09-07 20:42:56', '2022-09-08 22:40:19'),
(419, '2022-09-03', 'PM00371', '00020', 1, 'Pri Wijayanto', 'ganti kep rem 2 buah', 0, 0, '6', 'Selesai', '2022-09-07 20:45:12', '2022-09-08 22:40:29'),
(420, '2022-09-03', 'PM00372', '00025', 1, 'Purwoko', 'cek kebocoran angin selang\r\ncek kep kopling', 0, 0, '5', 'Selesai', '2022-09-07 20:49:58', '2022-09-08 22:40:29'),
(421, '2022-09-06', 'PM00373', '00185', 1, 'Trubus Mutolib', 'ganti accu n100 2 buah', 0, 0, '2', 'Selesai', '2022-09-08 21:59:36', '2022-10-05 22:58:32'),
(422, '2022-09-05', 'PM00374', '00187', 1, 'Suwanto', 'tap oli sae40w 13 liter\r\ntap oli sae10w 30 liter\r\nganti lampu rotary 1 buah', 0, 0, '3', 'Selesai', '2022-09-08 22:00:58', '2022-09-08 22:42:07'),
(423, '2022-09-05', 'PM00375', '00063', 1, 'Rofii', 'ganti ban luar dan dalam 750x16 2 buah', 0, 0, '4', 'Selesai', '2022-09-08 22:02:56', '2022-09-08 22:42:08'),
(424, '2022-09-05', 'PM00376', '00056', 1, 'Teguh Andi', 'ganti ban  luar dan dalam 750x16 2 buah\r\nmarset r16 2 buah', 0, 0, '4', 'Selesai', '2022-09-08 22:04:01', '2022-09-08 22:42:08'),
(425, '2022-09-01', 'PM00377', '00044', 1, 'Yunarwanto', 'ganti ban luar dan dalam 750x16 2 buah\r\nmarset r 16 2 buah', 0, 0, '5', 'Selesai', '2022-09-08 22:04:48', '2022-09-08 22:42:19'),
(426, '2022-09-05', 'PM00378', '00258', 1, 'Tugiran', 'ganti kep rem 1 1/4t sebanyak 2 buah\r\nganti master kopling atas\r\nservice fan belt', 0, 0, '6', 'Selesai', '2022-09-08 22:06:48', '2022-09-08 22:42:21'),
(427, '2022-08-23', 'PM00379', '00059', 1, 'Kelik', 'ganti ban luar dan dalam 750x16 2 buah\r\nmarset r16 2 buah', 0, 0, '7', 'Selesai', '2022-09-08 22:07:45', '2022-09-08 22:42:23'),
(428, '2022-08-23', 'PM00380', '00230', 1, 'Rochmat Agus Musafak', 'ganti ban luar dan dalam 750x16 2 buah\r\nmarset r16 2 buah', 0, 0, '8', 'Selesai', '2022-09-08 22:09:23', '2022-09-08 22:42:24'),
(429, '2022-08-20', 'PM00381', '00179', 1, 'Sulis', 'tap oli sae10w 30 liter\r\ntap oli sae40w 18 liter', 0, 0, '9', 'Selesai', '2022-09-08 22:12:04', '2022-09-08 22:42:48'),
(430, '2022-08-22', 'PM00382', '00228', 1, 'Suud', 'ganti ban luar dan dalam 1000x20 1 buah\r\nmarset r20 1 buah\r\nganti accu n50 2 buah\r\nganti klem accu 4 buah', 0, 0, '2', 'Selesai', '2022-09-08 22:14:13', '2022-09-08 22:42:50'),
(431, '2022-08-22', 'PM00383', '00153', 1, 'Rizky', 'ganti accu n70 2 buah\r\nganti filter solar 1 buah\r\nganti klakson 1 buah', 0, 0, '3', 'Selesai', '2022-09-08 22:15:17', '2022-09-08 22:42:51'),
(432, '2022-09-05', 'PM00384', '00044', 1, 'Yunarwanto', 'ganti filter solar atas dan bawah 1 buah', 0, 0, '4', 'Selesai', '2022-09-08 22:15:59', '2022-09-08 22:42:59'),
(433, '2022-09-06', 'PM00385', '00017', 1, 'Dayat', 'tap oli hidrolik sae10w 5 liter', 0, 0, '5', 'Selesai', '2022-09-08 22:17:58', '2022-09-08 22:43:00'),
(434, '2022-09-06', 'PM00386', '00111', 5, 'Mujazin', 'tap oli saew10 5 liter', 0, 0, '19', 'Selesai', '2022-09-08 22:20:34', '2022-09-08 22:43:01'),
(435, '2022-09-06', 'PM00387', '00116', 5, 'Mujazin', 'tap oli sae10w 5 liter', 0, 0, '19', 'Selesai', '2022-09-08 22:21:10', '2022-09-08 22:43:01'),
(436, '2022-09-06', 'PM00388', '00124', 5, 'Mujazin', 'tap oli sae10w 5 liter', 0, 0, '19', 'Selesai', '2022-09-08 22:21:49', '2022-09-08 22:43:43'),
(437, '2022-09-06', 'PM00389', '00130', 5, 'Mujazin', 'tap oli sae10w 5 liter', 0, 0, '19', 'Selesai', '2022-09-08 22:23:26', '2022-09-08 22:43:44'),
(438, '2022-09-07', 'PM00390', '00273', 1, 'Adi Joko', 'ganti filter oli\r\ntap oli sae40w 13 liter', 0, 0, '19', 'Selesai', '2022-09-08 22:27:05', '2022-09-08 22:43:38'),
(439, '2022-09-07', 'PM00391', '00040', 1, 'Joko Widayat', 'ganti filter solar atas-bawah 1 buah\r\ntap oli sae40w 2 liter', 0, 0, '17', 'Selesai', '2022-09-08 22:28:37', '2022-09-08 22:43:25'),
(440, '2022-09-05', 'PM00392', '00064', 1, 'M. Chamami', 'tap oli sae 40w 10 liter', 0, 0, '2', 'Selesai', '2022-09-08 22:31:58', '2022-09-08 22:43:39'),
(441, '2022-09-05', 'PM00393', '00055', 1, 'Chamami', 'tap oli sae40w 5 liter', 0, 0, '2', 'Selesai', '2022-09-08 22:32:39', '2022-09-08 22:43:39'),
(442, '2022-09-05', 'PM00394', '00063', 1, 'Chamami', 'tap oli sae40w 5 liter', 0, 0, '2', 'Selesai', '2022-09-08 22:33:22', '2022-09-08 22:43:40'),
(443, '2022-09-05', 'PM00395', '00152', 1, 'Chamami', 'tap oli sae10w 10 liter', 0, 0, '2', 'Selesai', '2022-09-08 22:33:59', '2022-09-08 22:43:40'),
(444, '2022-09-05', 'PM00396', '00153', 1, 'Chamami', 'tap oli sae10w 10 liter', 0, 0, '2', 'Selesai', '2022-09-08 22:34:21', '2022-09-08 22:43:45'),
(445, '2022-09-05', 'PM00397', '00142', 1, 'Chamami', 'tap oli sae10w \r\nganti filter solar', 0, 0, '2', 'Selesai', '2022-09-08 22:36:42', '2022-09-08 22:43:45'),
(446, '2022-09-08', 'PM00398', '00220', 1, 'Anang', 'tap oli gardan sae120w 2 liter', 0, 0, '17', 'Selesai', '2022-09-08 22:38:32', '2022-09-08 22:43:55'),
(447, '2022-09-10', 'PM00399', '00021', 1, 'Muh Romin', 'Tap oli mesin sae40w 15 liter\r\nganti filter oli', 0, 0, '6', 'Selesai', '2022-09-10 22:58:07', '2022-09-10 22:58:23'),
(448, '2022-09-17', 'PM00400', '00022', 1, 'Rohmat Hadi', 'tap oli sae40w 13 liter\r\nganti filter oli 1 buah\r\nganti filter udara 1 buah', 0, 0, '5', 'Selesai', '2022-09-19 17:37:50', '2022-10-05 22:58:32'),
(449, '2022-09-17', 'PM00401', '00051', 1, 'Darsono', 'tap oli sae40w 10 liter\r\nganti filter solar atas-bawah\r\ntap oli gardan', 0, 0, '6', 'Selesai', '2022-09-19 17:39:48', '2022-10-05 22:58:33'),
(450, '2022-09-14', 'PM00402', '00053', 1, 'Ridwan', 'ganti filter oli\r\nganti filter solar atas\r\nganti filter solar bawah\r\npengecekan oli transmisi\r\npengecekan oli gardan\r\n+', 0, 0, '5', 'Selesai', '2022-09-19 17:40:50', '2022-10-05 22:58:34'),
(451, '2022-09-13', 'PM00403', '00233', 1, 'Sulis', 'tap oli sae40w 7 liter', 0, 0, '2', 'Selesai', '2022-09-19 17:42:10', '2022-10-05 22:58:38'),
(452, '2022-09-10', 'PM00404', '00230', 1, 'Rochmat Agus M', 'tap oli sae40w 8 liter\r\nservice rem\r\ntap oli sae10w 5 liter', 0, 0, '5', 'Selesai', '2022-09-19 17:43:34', '2022-10-05 22:58:39'),
(453, '2022-09-08', 'PM00405', '00217', 1, 'Riyan Tedy', 'minta oli sae90 2 liter', 0, 0, '17', 'Selesai', '2022-09-19 17:44:22', '2022-10-05 22:58:39'),
(454, '2022-09-04', 'PM00406', '00140', 1, 'Nurmadi', 'tap oli sae40w 15 liter\r\ntap oli sae10w 20 liter', 0, 0, '4', 'Selesai', '2022-09-19 17:46:50', '2022-10-05 22:58:40'),
(455, '2022-09-10', 'PM00407', '00062', 1, 'Eris', 'ganti ban luar dan dalam 2 buah ukuran 750x16 \r\nganti marset R16 2 buah', 0, 0, '2', 'Selesai', '2022-09-19 17:50:09', '2022-10-05 22:58:40'),
(456, '2022-09-10', 'PM00408', '00006', 1, 'Muh Romin', 'ganti ban luar 3 buah ukuran 1000x20\r\nganti ban dalam 3 buah ukuran 950x20\r\nganti marset R20 3 buah \r\nganti 1 ban vulkanisiran', 0, 0, '2', 'Selesai', '2022-09-19 17:52:21', '2022-10-05 22:58:41'),
(457, '2022-09-14', 'PM00409', '00073', 1, 'Edi Parmono', 'ganti filter solar atas, dan bersihkan filter solar bawah', 0, 0, '6', 'Selesai', '2022-09-19 17:53:59', '2022-10-05 22:58:45'),
(458, '2022-09-12', 'PM00410', '00059', 1, 'Kelik', 'ganti ban dalam 1 buah 750x16', 0, 0, '4', 'Selesai', '2022-09-19 17:55:41', '2022-10-05 22:58:47'),
(459, '2022-09-12', 'PM00411', '00076', 1, 'Joko Triyono', 'ganti ban luar dan dalam 750x16 2 buah\r\nganti marset R16 2 buah', 0, 0, '7', 'Selesai', '2022-09-19 17:57:33', '2022-10-05 22:58:47'),
(460, '2022-09-12', 'PM00412', '00012', 1, 'M. Rofiq', 'minta terpal plastik 4X7 meter', 0, 0, '2', 'Selesai', '2022-09-19 18:00:47', '2022-10-05 22:58:50'),
(461, '2022-09-12', 'PM00413', '00013', 1, 'M. Rofiq', 'minta terpal plastik 4x7 meter', 0, 0, '3', 'Selesai', '2022-09-19 18:01:48', '2022-10-05 22:58:50'),
(462, '2022-09-12', 'PM00414', '00015', 1, 'M. Rofiq', 'minta terpal plastik 4x7 meter', 0, 0, '4', 'Selesai', '2022-09-19 18:03:10', '2022-10-05 22:58:51'),
(463, '2022-09-12', 'PM00415', '00016', 1, 'M. Rofiq', 'minta terpal plastik 4x7 meter', 0, 0, '5', 'Selesai', '2022-09-19 18:03:36', '2022-10-05 22:58:56'),
(464, '2022-09-19', 'PM00416', '00014', 1, 'M. Rofiq', 'minta terpal plastik 4x7 meter', 0, 0, '6', 'Selesai', '2022-09-19 18:04:03', '2022-10-05 22:58:56'),
(465, '2022-09-12', 'PM00417', '00010', 1, 'M. Rofiq', 'minta terpal plastik 4x7 meter', 0, 0, '7', 'Selesai', '2022-09-19 18:04:38', '2022-10-05 22:58:59'),
(466, '2022-09-12', 'PM00418', '00011', 1, 'M. Rofiq', 'minta terpal plastik 4x7 meter', 0, 0, '8', 'Selesai', '2022-09-19 18:06:45', '2022-10-05 22:59:00'),
(467, '2022-09-12', 'PM00419', '00017', 1, 'M. Rofiq', 'minta terpal plastik 4x7 meter', 0, 0, '9', 'Selesai', '2022-09-19 18:08:56', '2022-10-05 22:59:02'),
(468, '2022-09-12', 'PM00420', '00033', 1, 'M. Rofiq', 'ganti ban luar dan dalam 2 buah ukuran 750x16\r\nganti marset R16 2 buah', 0, 0, '3', 'Selesai', '2022-09-19 18:12:05', '2022-10-05 22:59:02'),
(469, '2022-09-12', 'PM00421', '00274', 1, 'Susandi', 'tap oli mesin sae40w 5 liter', 0, 0, '4', 'Selesai', '2022-09-19 18:19:57', '2022-10-05 22:59:03'),
(470, '2022-09-12', 'PM00422', '00217', 1, 'Riyantedi', 'tap oli sae40w 3 liter', 0, 0, '17', 'Selesai', '2022-09-19 18:24:11', '2022-10-05 22:59:03'),
(471, '2022-09-12', 'PM00423', '00227', 11, 'Fatah', 'Tambah oli sae10w 50 liter', 0, 0, '2', 'Selesai', '2022-09-20 21:24:28', '2022-10-05 22:59:08'),
(472, '2022-09-12', 'PM00424', '00038', 1, 'Zamroni', 'tap oli sae40w 7 liter\r\nganti filter solar atas-bawah\r\nganti oli rem', 0, 0, '5', 'Selesai', '2022-09-20 21:27:34', '2022-10-05 22:59:08'),
(473, '2022-09-13', 'PM00425', '00044', 1, 'Yunarwanto', 'ganti ban dalam 750x16 1 buah\r\nganti marset R16 1 buah', 0, 0, '3', 'Selesai', '2022-09-20 21:28:53', '2022-10-05 22:59:09'),
(474, '2022-09-13', 'PM00426', '00177', 1, 'Wahono', 'Ganti accu n70 2 buah\r\ntap oli sae40w 10 liter', 0, 0, '5', 'Selesai', '2022-09-20 21:31:36', '2022-10-05 22:59:10'),
(475, '2022-09-13', 'PM00427', '00018', 1, 'Heri Sutopo', 'ganti ban luar 1000x20 1 buah\r\nganti ban dalam 900x20 1 buah\r\nMarset R20 1 buah', 0, 0, '4', 'Selesai', '2022-09-20 21:33:45', '2022-10-05 22:59:10'),
(476, '2022-09-14', 'PM00428', '00061', 1, 'Sulis', 'tap oli sae40w 2 liter', 0, 0, '6', 'Selesai', '2022-09-20 21:36:48', '2022-10-05 22:59:14'),
(477, '2022-09-20', 'PM00429', '00209', 1, 'Sunaryono', 'ganti seal rem', 0, 0, '6', 'Selesai', '2022-09-20 21:38:56', '2022-10-05 22:59:15'),
(478, '2022-09-15', 'PM00430', '00057', 1, 'Sawal', 'ganti kampas kopling\r\nganti seal gardan\r\nganti filter oli\r\nganti filter solar atas-bawah\r\nganti filter udara', 0, 0, '4', 'Selesai', '2022-09-20 21:43:05', '2022-10-05 22:59:16'),
(479, '2022-09-17', 'PM00431', '00275', 1, 'Adi Joko', 'ganti oli mesin sae40w 60 liter', 0, 0, '21', 'Selesai', '2022-09-20 21:45:12', '2022-10-05 22:59:18'),
(480, '2022-09-17', 'PM00432', '00276', 1, 'Darkoni', 'Ganti filter solar atas-bawah', 0, 0, '5', 'Selesai', '2022-09-20 21:50:02', '2022-10-05 22:59:18'),
(481, '2022-09-14', 'PM00433', '00061', 1, 'Fandi Ahmad', 'ganti filter solar atas-bawah', 0, 0, '7', 'Selesai', '2022-09-20 21:51:34', '2022-10-05 22:59:19'),
(482, '2022-09-19', 'PM00434', '00075', 1, 'Fandi Ahmad', 'tap oli sae10w 5 liter', 0, 0, '7', 'Selesai', '2022-09-20 21:52:53', '2022-10-05 22:59:20'),
(483, '2022-09-19', 'PM00434', '00075', 1, 'Fandi Ahmad', 'tap oli sae10w 5 liter', 0, 0, '7', 'Selesai', '2022-09-20 21:52:53', '2022-10-05 22:59:20'),
(484, '2022-09-19', 'PM00435', '00054', 1, 'Kholik', 'minta air accu 1 botol\r\nganti wiper', 0, 0, '9', 'Selesai', '2022-09-20 21:54:14', '2022-10-05 22:59:23'),
(485, '2022-09-16', 'PM00436', '00011', 1, 'Darmansyah', 'baut roda belakang kanan 8 pcs', 0, 0, '2', 'Selesai', '2022-09-20 21:56:05', '2022-10-05 22:59:25'),
(486, '2022-09-16', 'PM00437', '00250', 1, 'Rohmad S.', 'tambah oli hidrolik sae10w 3 liter', 0, 0, '4', 'Selesai', '2022-09-20 21:56:51', '2022-10-05 22:59:26'),
(487, '2022-09-15', 'PM00438', '00042', 1, 'Soekarman', 'ganti oli sae10w 8 liter\r\nganti filter solar atas\r\nganti filter solar bawah\r\nganti filter udara\r\nganti filter oli', 0, 0, '5', 'Selesai', '2022-09-20 21:58:12', '2022-10-05 22:59:26'),
(488, '2022-09-20', 'PM00439', '00143', 1, 'Teguh', 'selang breaker bocor\r\ntap oli hidrolik sae10w 30 liter', 0, 0, '3', 'Selesai', '2022-09-20 21:59:28', '2022-10-05 22:59:28'),
(489, '2022-09-20', 'PM00440', '00143', 1, 'Teguh', 'selang breaker bocor\r\ntap oli hidrolik sae10w 30 liter', 0, 0, '3', 'Selesai', '2022-09-20 21:59:30', '2022-10-05 22:59:29'),
(490, '2022-09-20', 'PM00441', '00277', 1, 'Darkoni', 'ganti oli mesin sae40w 4 liter', 0, 0, '13', 'Selesai', '2022-09-20 22:01:08', '2022-10-05 22:59:30'),
(491, '2022-09-20', 'PM00442', '00147', 1, 'Wilson', 'tap oli sae40w 20 liter\r\ntap oli sae10w 15 liter', 0, 0, '2', 'Selesai', '2022-09-20 22:02:30', '2022-10-05 22:59:30'),
(492, '2022-09-16', 'PM00443', '00142', 1, 'Chamami', 'tap oli sae10w 25 liter\r\ntap oli sae40w 40 liter\r\nganti filter oli', 0, 0, '2', 'Selesai', '2022-09-20 22:04:30', '2022-10-05 22:59:31'),
(493, '2022-09-20', 'PM00444', '00060', 1, 'Suprihatin', 'tap oli sae40w 7 liter', 0, 0, '5', 'Selesai', '2022-09-20 22:06:04', '2022-10-05 22:59:31'),
(494, '2022-09-29', 'PM00445', '00023', 1, 'Muh. Tadin', 'Tambah oli mesin sae40w 10 liter\r\nganti air accu 1 botol', 0, 0, '2', 'Selesai', '2022-09-29 17:02:02', '2022-10-05 22:59:35'),
(495, '2022-09-26', 'PM00446', '00075', 1, 'Eri', 'service kopling\r\nganti filter solar atas-bawah', 0, 0, '5', 'Selesai', '2022-09-30 16:04:25', '2022-10-05 22:59:36'),
(496, '2022-09-27', 'PM00447', '00020', 1, 'Pri Wijayanto', 'tambah oli hidrolik sae10w 3 liter', 0, 0, '6', 'Selesai', '2022-09-30 16:06:07', '2022-10-05 22:59:37'),
(497, '2022-10-05', 'PM00448', '00217', 1, 'Anton', 'Perbaikan pompa hidrolik\r\nPerbaikan/pengecekan baut as roda belakang tengah kanan\r\ntambah oli hidrolik sae10w', 0, 0, '5', 'Selesai', '2022-10-05 22:48:36', '2022-10-05 22:59:37'),
(498, '2022-10-04', 'PM00449', '00038', 1, 'Zamroni', 'service dump hidrolik', 0, 0, '2', 'Selesai', '2022-10-05 22:49:21', '2022-10-05 22:59:41'),
(499, '2022-10-03', 'PM00450', '00073', 1, 'Edi Parmono', 'ganti filter solar\r\nservice break karena mati\r\nperbaikan rem\r\nganti kabel speedometer dari HD 52', 0, 0, '5', 'Selesai', '2022-10-05 22:51:57', '2022-10-05 22:59:41'),
(500, '2022-10-06', 'PM00451', '00191', 1, 'Subejo', 'tap oli SAE10w 10 liter', 0, 0, '17', 'Selesai', '2022-10-10 15:41:30', '2022-10-10 18:44:27'),
(501, '2022-10-05', 'PM00452', '00062', 1, 'Eris', 'tap oli mesin sae40w 8 liter\r\ntap oli sae10w 1 liter\r\nganti filter oli', 0, 0, '4', 'Selesai', '2022-10-10 15:42:57', '2022-10-10 18:44:27'),
(502, '2022-10-06', 'PM00453', '00231', 1, 'Sulis', 'ganti air accu 1 botol', 0, 0, '5', 'Selesai', '2022-10-10 15:43:41', '2022-10-10 18:44:28'),
(503, '2022-10-06', 'PM00454', '00059', 1, 'Kelik', 'ganti filter solar atas-bawah 1 buah', 0, 0, '7', 'Selesai', '2022-10-10 15:44:48', '2022-10-10 18:44:28'),
(504, '2022-10-06', 'PM00455', '00008', 1, 'Winarno', 'ganti oli rem 1', 0, 0, '6', 'Selesai', '2022-10-10 15:46:00', '2022-10-10 18:44:29'),
(505, '2022-10-05', 'PM00456', '00231', 1, 'Sulis', 'ganti bohlam engkel 24V', 0, 0, '18', 'Selesai', '2022-10-10 15:48:44', '2022-10-10 18:44:31'),
(506, '2022-10-05', 'PM00457', '00220', 1, 'Suherwanto', 'tambah hand tackle 3 ton 2 buah', 0, 0, '3', 'Selesai', '2022-10-10 15:57:26', '2022-10-10 18:44:31'),
(507, '2022-10-05', 'PM00458', '00023', 1, 'Muh Tadin', 'ganti ban 900x20 2 buah\r\nganti marset R20', 0, 0, '4', 'Selesai', '2022-10-10 15:58:53', '2022-10-10 18:44:33'),
(508, '2022-10-04', 'PM00459', '00256', 5, 'Aris', 'tap oli sae40w 30 liter', 0, 0, '4', 'Selesai', '2022-10-10 16:00:35', '2022-10-10 18:44:34'),
(509, '2022-10-04', 'PM00460', '00008', 1, 'Winarno', 'tap oli sae10w 10 liter', 0, 0, '17', 'Selesai', '2022-10-10 16:01:53', '2022-10-10 18:44:34'),
(510, '2022-10-04', 'PM00461', '00138', 1, 'Ahmad Kharis', 'tap oli sae40w 5 liter', 0, 0, '7', 'Selesai', '2022-10-10 16:07:58', '2022-10-10 18:44:35'),
(511, '2022-10-10', 'PM00462', '00180', 1, 'Tono', 'tap oli sae40w 10 liter', 0, 0, '18', 'Selesai', '2022-10-10 16:11:29', '2022-10-10 18:44:35'),
(512, '2022-10-04', 'PM00463', '00180', 1, 'Anis', 'tap oli sae40w 10 liter', 0, 0, '18', 'Selesai', '2022-10-10 16:12:33', '2022-10-10 18:44:38'),
(513, '2022-10-04', 'PM00464', '00044', 1, 'Yunarwanto', 'ganti ban dalam 750x16 2 buah\r\nganti marset R16 2 buah', 0, 0, '3', 'Selesai', '2022-10-10 16:17:59', '2022-10-10 18:44:40'),
(514, '2022-10-03', 'PM00465', '00054', 1, 'Kholik', 'ganti oli mesin sae40w 10 liter', 0, 0, '6', 'Selesai', '2022-10-10 16:18:47', '2022-10-10 18:44:40'),
(515, '2022-10-03', 'PM00466', '00258', 1, 'Tugiran', 'tap oli sae40w 8 liter\r\nganti filter solar\r\nganti filter oli', 0, 0, '2', 'Selesai', '2022-10-10 16:21:53', '2022-10-10 18:44:41'),
(516, '2022-10-03', 'PM00467', '00278', 1, 'Eko K', 'ganti filter solar atas-bawah 1 buah', 0, 0, '4', 'Selesai', '2022-10-10 16:23:57', '2022-10-10 18:44:41'),
(517, '2022-10-03', 'PM00468', '00037', 1, 'Eko P', 'ganti air accu 1 botol', 0, 0, '2', 'Selesai', '2022-10-10 16:24:45', '2022-10-10 18:44:43'),
(518, '2022-10-03', 'PM00469', '00038', 1, 'Zamroni', '2 ban luar dan dalam 750x16\r\nmarset R16 2 buah\r\nminta terpal', 0, 0, '17', 'Selesai', '2022-10-10 16:28:52', '2022-10-10 18:44:44'),
(519, '2022-10-03', 'PM00470', '00061', 1, 'Zamroni', '1 buah ban luar dan dalam 750x16\r\n1 marset R16', 0, 0, '5', 'Selesai', '2022-10-10 16:31:49', '2022-10-10 18:44:44'),
(520, '2022-10-03', 'PM00471', '00250', 1, 'Zamroni', 'ganti filter solar atas FC 1008 1 botol dan FC 1003 1 botol', 0, 0, '7', 'Selesai', '2022-10-10 16:34:13', '2022-10-10 18:44:45'),
(521, '2022-10-03', 'PM00472', '00022', 1, 'Rohmat Hadi', 'ganti ban dalam 900x20 2 buah\r\nmarset R20 2 buah', 0, 0, '2', 'Selesai', '2022-10-10 16:35:08', '2022-10-10 18:44:47'),
(522, '2022-10-03', 'PM00473', '00021', 1, 'Muh. Tadin', 'ban dalam 900x20 2 buah\r\nmarset R20 2 buah', 0, 0, '4', 'Selesai', '2022-10-10 16:36:32', '2022-10-10 18:44:47'),
(523, '2022-10-01', 'PM00474', '00042', 1, 'Suratman', 'ganti ban dalam 2 buah 750x16\r\nmarset R16 2 buah', 0, 0, '3', 'Selesai', '2022-10-10 17:15:07', '2022-10-10 18:44:48'),
(524, '2022-10-01', 'PM00475', '00051', 1, 'Suratman', 'ganti ban dalam 750x16 2 buah\r\nmarset R16 2 buah', 0, 0, '5', 'Selesai', '2022-10-10 17:15:54', '2022-10-10 18:44:48'),
(525, '2022-10-03', 'PM00476', '00139', 1, 'Yadi', 'tap oli sae40w 15 liter\r\nganti kuku 5 pcs', 0, 0, '2', 'Selesai', '2022-10-10 17:19:09', '2022-10-10 18:44:50'),
(526, '2022-10-01', 'PM00477', '00217', 1, 'Anang', 'ganti ban luar dan dalam 4 buah 1000x20\r\nmarset R20 4 buah\r\ntap oli sae10w 4 liter', 0, 0, '17', 'Selesai', '2022-10-10 17:21:04', '2022-10-10 18:44:52'),
(527, '2022-10-01', 'PM00478', '00233', 1, 'Sulis', 'ganti ban luar dan dalam 2 buah 750x16\r\nMarset R16 2 buah', 0, 0, '7', 'Selesai', '2022-10-10 17:44:29', '2022-10-10 18:44:53'),
(528, '2022-10-01', 'PM00479', '00044', 1, 'Yunarwanto', 'tap oli sae40w 8 liter\r\nfiolter solar atas-bawah 1 buah\r\nservice rem', 0, 0, '5', 'Selesai', '2022-10-10 17:46:25', '2022-10-10 18:44:53'),
(529, '2022-10-01', 'PM00480', '00021', 1, 'Pri Wijayanto', 'ganti ban dalam 2 buah 900x20\r\nmarset R20 2 buah', 0, 0, '3', 'Selesai', '2022-10-10 17:47:45', '2022-10-10 18:44:54'),
(530, '2022-09-30', 'PM00481', '00062', 1, 'Eris', 'ganti filter solar atas-bawah\r\ngantirem solar\r\ntap oli sae40w 4 liter', 0, 0, '4', 'Selesai', '2022-10-10 17:48:49', '2022-10-10 18:44:56'),
(531, '2022-09-30', 'PM00482', '00279', 5, 'Suud', 'tambah oli rem 1 botol', 0, 0, '5', 'Selesai', '2022-10-10 17:50:15', '2022-10-10 18:44:57'),
(532, '2022-09-30', 'PM00483', '00037', 1, 'Eko P', 'ganti filter solar atas-bawah 1 buah', 0, 0, '6', 'Selesai', '2022-10-10 17:51:01', '2022-10-10 18:44:58'),
(533, '2022-09-30', 'PM00484', '00040', 1, 'Joko Widayat', 'ganti ban luar dan dalam 750x16 2 buah\r\nmarset R16 2 buah', 0, 0, '7', 'Selesai', '2022-10-10 17:51:47', '2022-10-10 18:44:59'),
(534, '2022-09-29', 'PM00485', '00280', 1, 'Budi Ari', 'tambah oli sae10w 10 liter', 0, 0, '18', 'Selesai', '2022-10-10 17:53:22', '2022-10-10 18:44:59'),
(535, '2022-10-01', 'PM00486', '00035', 1, 'Muklis', 'tambah oli sae10w 3 liter\r\ntambah oli sae40w 1 liter', 0, 0, '17', 'Selesai', '2022-10-10 17:56:40', '2022-10-10 18:45:00'),
(536, '2022-09-28', 'PM00487', '00191', 1, 'Subejo', 'tambah oli sae10w 20 liter', 0, 0, '2', 'Selesai', '2022-10-10 17:59:20', '2022-10-10 18:45:02'),
(537, '2022-09-26', 'PM00488', '00059', 1, 'Kelik', 'ganti ban dalam 2 buah 750x16\r\nmarset R16 2 buah', 0, 0, '3', 'Selesai', '2022-10-10 18:00:05', '2022-10-10 18:45:02'),
(538, '2022-09-27', 'PM00489', '00277', 1, 'Budi Ari', 'tap oli sae40w 4 liter\r\nganti metal', 0, 0, '12', 'Selesai', '2022-10-10 18:04:04', '2022-10-10 18:45:03'),
(539, '2022-09-23', 'PM00490', '00251', 1, 'Hartono', 'ganti bohlam 12V 6 buah', 0, 0, '18', 'Selesai', '2022-10-10 18:07:08', '2022-10-10 18:45:03'),
(540, '2022-09-24', 'PM00491', '00233', 1, 'Sulis', 'tambah oli sae10w 2 liter', 0, 0, '3', 'Selesai', '2022-10-10 18:10:44', '2022-10-10 18:45:05'),
(541, '2022-09-24', 'PM00492', '00025', 1, 'Purwoko Prasetyo', 'tap oli rem 1 botol\\\r\ntap oli sae40w 1,5\r\nservice kopling', 0, 0, '4', 'Selesai', '2022-10-10 18:13:52', '2022-10-10 18:45:06'),
(542, '2022-09-26', 'PM00493', '00034', 1, 'M. Tohir', 'ganti filter solar atas-bawah\r\nganti ban belakang kiri ( 2 ) 750x16', 0, 0, '6', 'Selesai', '2022-10-10 18:16:24', '2022-10-10 18:45:06'),
(543, '2022-09-26', 'PM00494', '00240', 3, 'Mustakim', 'tambah oli sae10 5 liter\r\ntambah oli sae40 1,5 liter', 0, 0, '3', 'Selesai', '2022-10-10 18:18:33', '2022-10-10 18:45:07'),
(544, '2022-09-24', 'PM00495', '00040', 1, 'Joko Widayat', 'service rem depan ( macet )\r\nganti accu n50 2 buah\r\nganti kep rem 1 1/4 2 buah', 0, 0, '2', 'Selesai', '2022-10-10 18:20:53', '2022-10-10 18:45:07'),
(545, '2022-09-26', 'PM00496', '00278', 1, 'Anton', 'ganti ban luar dan dalam 4 buah 825x16 \r\nmarset R16 4 buah', 0, 0, '4', 'Selesai', '2022-10-10 18:22:14', '2022-10-10 18:45:09'),
(546, '2022-09-26', 'PM00497', '00012', 1, 'Wahyu Gombing', 'ban dalam 15 buah 900x20 + marset untuk semua kebutuhan tronton di proyek Pamanukan.\r\nbaut roda 16 sebelah kanan, 16 sebelah kiri', 0, 0, '2', 'Selesai', '2022-10-10 18:24:38', '2022-10-10 18:45:10'),
(547, '2022-09-20', 'PM00498', '00235', 1, 'Ahmad Royani', 'ganti ban 3 buah 165x13', 0, 0, '8', 'Selesai', '2022-10-10 18:31:14', '2022-10-10 18:45:16'),
(548, '2022-09-22', 'PM00499', '00023', 1, 'Muh. Tadin', 'oli rem 1 liter', 0, 0, '5', 'Selesai', '2022-10-10 18:34:25', '2022-10-10 18:45:12'),
(549, '2022-09-21', 'PM00500', '00139', 1, 'Feri Kusmiyanto', 'tambah oli sae40w 5 liter', 0, 0, '2', 'Selesai', '2022-10-10 18:35:11', '2022-10-10 18:45:13'),
(550, '2022-09-21', 'PM00501', '00251', 1, 'Feri Kusmiyanto', 'tap oli sae40w 5 liter\r\nganti filter solar\r\nganti filter oli\r\nservice kaki-kaki\r\nganti bak pick-up', 0, 0, '2', 'Selesai', '2022-10-10 18:36:25', '2022-10-10 18:45:14'),
(551, '2022-09-22', 'PM00502', '00175', 1, 'Muhibun', 'tap oli sae40w 5 liter', 0, 0, '2', 'Selesai', '2022-10-10 18:39:59', '2022-10-10 18:45:17'),
(552, '2022-10-11', 'PM00503', '00252', 1, 'Sisyadi', 'ganti master kopling bawah', 0, 0, '2', 'On Progress', '2022-10-12 15:52:39', '2022-11-08 19:08:47'),
(555, '2022-11-02', 'PM00504', '00061', 1, 'Fandi Ahmat', 'Selang dum bocor\r\noli tranmisi\r\nkampas kopling\r\nkampas rem', 1, 24000, '6', 'On Progress', '2022-11-03 17:23:56', '2022-11-08 19:08:51'),
(556, '2022-10-24', 'PM00505', '00008', 1, 'Winarno', 'Filter Solar bawah', 1, 25000, '5', 'Selesai', '2022-11-03 17:37:42', '2022-11-10 17:46:41'),
(557, '2022-10-21', 'PM00506', '00003', 1, 'Heri Sutopo', 'Stel Kopling/ Ketinggian\r\nGanti Spion kiri', 0, 0, '5', 'On Progress', '2022-11-03 17:40:51', '2022-11-08 19:09:01'),
(558, '2022-10-29', 'PM00507', '00281', 1, 'Budi Ari Wibowo', 'Ganti Oli SAE 40w 5 liter \r\nGanti Ban', 0, 0, '12', 'On Progress', '2022-11-03 17:41:49', '2022-11-08 19:09:05'),
(559, '2022-10-19', 'PM00508', '00073', 1, 'Edi Parmono', 'Kanginan Mrebet\r\nGanti Filter Solar\r\nGanti Oli Mesin\r\nGanti Filter Angin', 1, 352000, '18', 'Selesai', '2022-11-03 17:42:51', '2022-11-10 16:35:18'),
(560, '2022-10-19', 'PM00509', '00020', 1, 'Pri Wijayanto', 'Water Pom Bocor', 0, 0, '18', 'Check by Mechanic', '2022-11-03 17:46:26', '2022-11-05 17:29:32'),
(561, '2022-10-26', 'PM00510', '00040', 1, 'Joko Widayat', 'Ganti Terpal', 1, 888413, '4', 'Selesai', '2022-11-04 15:29:34', '2022-11-08 19:34:57'),
(562, '2022-10-19', 'PM00511', '00038', 1, 'Teguh Andi', 'Ganti Selang bum pengangkat\r\njok oli dam 5 liter', 0, 0, '6', 'Check by Mechanic', '2022-11-04 15:36:57', '2022-11-05 17:29:39'),
(563, '2022-10-13', 'PM00512', '00044', 1, 'Yunarwanto', 'Ganti Filter angin\r\nGanti Filter Solar F1008\r\nGanti Filter Solar FC1003', 3, 205000, '5', 'Selesai', '2022-11-04 15:43:53', '2022-11-10 17:28:30'),
(564, '2022-10-13', 'PM00513', '00025', 1, 'Purwoko p', 'Service Tenaga Kilang\r\nFilter Solar', 0, 0, '6', 'On Progress', '2022-11-04 15:54:22', '2022-11-08 22:08:41'),
(565, '2022-10-18', 'PM00514', '00076', 1, 'Joko Triyono', 'Stel Rem\r\nKep bocor\r\nganti kampas depan\r\nganti filter atas \r\nganti filter bawah\r\noil 1 liter', 0, 0, '18', 'Check by Mechanic', '2022-11-04 15:57:38', '2022-11-05 17:29:48'),
(566, '2022-10-27', 'PM00515', '00052', 1, 'Mochtar', 'Terpal', 1, 888413, '4', 'Selesai', '2022-11-04 16:01:15', '2022-11-08 19:43:30'),
(568, '2022-10-07', 'PM00517', '00022', 1, 'Rohmat Hadi', 'Minta Oli Rem', 0, 0, '3', 'Check by Mechanic', '2022-11-04 16:05:26', '2022-11-05 17:29:58'),
(570, '2022-10-13', 'PM00519', '00021', 1, 'Muhromin', 'Minyak Rem\r\nbolam+duduan', 0, 0, '3', 'Check by Mechanic', '2022-11-04 16:11:12', '2022-11-05 17:30:08'),
(571, '2022-10-27', 'PM00520', '00056', 1, 'Teguh Andi', 'Ganti Filter Solar Bawah', 1, 25000, '18', 'Selesai', '2022-11-04 16:12:20', '2022-11-10 17:44:16'),
(573, '2022-10-29', 'PM00522', '00025', 1, 'Purwoko P', 'Kep Rem Belakang Bocor', 0, 0, '18', 'Check by Mechanic', '2022-11-04 16:15:41', '2022-11-05 17:30:17'),
(574, '2022-10-31', 'PM00523', '00075', 1, 'Eri', 'Oli dump Sae 10w 5l', 1, 232500, '6', 'Selesai', '2022-11-04 16:17:16', '2022-11-08 23:21:34'),
(575, '2022-10-18', 'PM00524', '00233', 1, 'Sulis', 'Oli Dam Kurang 2 Liter', 1, 93000, '5', 'Selesai', '2022-11-04 16:20:59', '2022-11-08 23:23:45'),
(576, '2022-10-11', 'PM00525', '00059', 1, 'Kelik', 'Tambah Oli Mesin\r\nGanti Accu 1 btl', 2, 713000, '5', 'Selesai', '2022-11-04 16:28:27', '2022-11-10 17:54:12'),
(577, '2022-10-10', 'PM00526', '00037', 1, 'Eko P', 'Ganti Oli\r\nSetel rem\r\nAccu\r\nFilter Oli Ganti', 3, 1687000, '2', 'Selesai', '2022-11-04 16:30:09', '2022-11-10 22:35:54'),
(578, '2022-11-02', 'PM00527', '00061', 1, 'Fandi Ahmat', 'Selang Dum Bocor\r\nOli Transmisi\r\nKampas Kopling\r\nKampas Rem', 0, 0, '6', 'Check by Mechanic', '2022-11-04 16:31:38', '2022-11-05 17:30:48'),
(579, '2022-10-28', 'PM00528', '00076', 1, 'Joko Triyono', 'Kopling Nyeplos\r\nGanti Ban Dalam 1 bh', 0, 0, '3', 'Check by Mechanic', '2022-11-04 16:35:38', '2022-11-05 17:30:52'),
(580, '2022-10-31', 'PM00529', '00015', 1, 'Purwanto', 'Ganti Oli Mesin\r\nTambah Oli Dam\r\nSae 40, 15L\r\nSae 10, 15 L', 2, 1357500, '8', 'Selesai', '2022-11-04 16:47:26', '2022-11-08 22:41:23'),
(582, '2022-10-25', 'PM00530', '00037', 1, 'Eko P', 'Filter Solar', 2, 75000, '6', 'Selesai', '2022-11-04 16:51:33', '2022-11-10 21:23:53'),
(583, '2022-10-25', 'PM00531', '00075', 1, 'Eko P', 'Filter Solar', 0, 0, '6', 'On Progress', '2022-11-04 16:52:11', '2022-11-08 22:33:44'),
(584, '2022-10-25', 'PM00532', '00044', 1, 'Yunarwanto', 'Ganti Terpal', 1, 888413, '6', 'Selesai', '2022-11-04 16:52:45', '2022-11-08 19:40:58'),
(585, '2022-10-17', 'PM00533', '00020', 1, 'Pri Wijayanto', 'Ganti Oli Mesin sae 40w\r\nganti filter Oli\r\nGanti Filter Solar', 0, 0, '18', 'Check by Mechanic', '2022-11-04 16:55:04', '2022-11-05 17:33:08'),
(586, '2022-10-17', 'PM00534', '00062', 1, 'Eris D', 'Service Rem Total(Panas)\r\nGanti Kampas Rem 10 Pcs', 0, 0, '18', 'Check by Mechanic', '2022-11-04 16:56:35', '2022-11-05 17:33:16'),
(587, '2022-10-18', 'PM00535', '00023', 1, 'Muhtadin', 'Cek Oli Perseling\r\ntambah Oli Dum\r\noli 90=2 liter\r\noli dam 5liter', 2, 328430, '6', 'Selesai', '2022-11-04 17:00:52', '2022-11-08 22:25:13'),
(588, '2022-10-28', 'PM00536', '00231', 1, 'Sulis', 'Wipper\r\nOli 10 L', 0, 0, '2', 'Check by Mechanic', '2022-11-04 18:05:21', '2022-11-05 17:33:22'),
(589, '2022-10-27', 'PM00537', '00138', 1, 'Fery Mekanik', 'Ganti Oli Mesin', 1, 1100000, '2', 'Selesai', '2022-11-04 18:12:42', '2022-11-08 19:47:53'),
(590, '2022-10-28', 'PM00538', '00285', 1, NULL, 'Oli mesin SAE 40', 1, 132000, '13', 'Selesai', '2022-11-04 18:23:32', '2022-11-08 19:12:48'),
(591, '2022-10-31', 'PM00539', '00168', 1, 'Hari P', 'Selang Bocor \r\nMinta jok oli SAE 10L', 1, 465000, '6', 'Selesai', '2022-11-04 18:28:57', '2022-11-09 18:32:03'),
(592, '2022-10-15', 'PM00540', '00217', 1, 'M.Anton', 'Cek Oli Gardan\r\nCek Oli Perseling', 1, 239825, '5', 'Selesai', '2022-11-04 20:36:10', '2022-11-08 22:32:44'),
(593, '2022-10-13', 'PM00541', '00217', 1, 'M.Anton', 'Service Rem\r\nPerbaikan Bum Tangga\r\nPerbaikan Lampu', 0, 0, '2', 'Check by Mechanic', '2022-11-04 20:37:54', '2022-11-05 17:33:39'),
(594, '2022-10-21', 'PM00542', '00133', 11, 'Baim', 'Pengantian kokel/dingdong', 0, 0, '7', 'Check by Mechanic', '2022-11-04 20:42:01', '2022-11-05 17:33:45'),
(595, '2022-10-29', 'PM00543', '00287', 1, 'Budi Ari Wibowo', 'Ganti Oli SAE 40w 5l\r\nService Filter\r\nGanti Ban (1)', 0, 0, '12', 'Check by Mechanic', '2022-11-04 21:54:58', '2022-11-05 17:33:48'),
(596, '2022-10-31', 'PM00544', '00037', 1, 'Eko P', 'Service Rem\r\nKampas Kopling Tipis', 0, 0, '2', 'Check by Mechanic', '2022-11-04 22:16:22', '2022-11-05 17:33:51'),
(597, '2022-10-04', 'PM00545', '00286', 1, 'Fatah', 'Ganti Oli SAE 40 3 liter', 1, 132000, '10', 'Selesai', '2022-11-05 15:43:51', '2022-11-09 16:46:01'),
(598, '2022-10-17', 'PM00546', '00288', 1, 'Hari P', 'Selang Bocor \r\njok Oli SAE  10 W= 10 Liter', 1, 465000, '4', 'Selesai', '2022-11-05 15:48:35', '2022-11-08 22:49:02'),
(599, '2022-10-18', 'PM00547', '00138', 1, 'Jaya Laksana', 'Service\r\nGanti Oli Mesin\r\nFilter Oli\r\nFilter Solar\r\nLampu Atas 2 Unit', 0, 0, '6', 'Check by Mechanic', '2022-11-05 15:52:02', '2022-11-05 17:34:01'),
(600, '2022-10-11', 'PM00548', '00217', 1, 'M.Anton', 'Tambah Oli SAE 40W', 1, 396000, '5', 'Selesai', '2022-11-05 16:03:19', '2022-11-09 16:43:02'),
(601, '2022-10-29', 'PM00549', '00137', 1, 'Husien', 'Oli 40 w 5 Liter\r\nAir ACCU 2 botol', 2, 230000, '7', 'Selesai', '2022-11-05 16:07:29', '2022-11-09 17:59:28'),
(602, '2022-10-12', 'PM00550', '00193', 1, 'Agus Priyono', 'Tambah Oli Mesin SAE 10W', 1, 465000, '4', 'Selesai', '2022-11-05 16:15:31', '2022-11-09 17:51:41'),
(603, '2022-10-31', 'PM00551', '00217', 1, 'Catur', 'Oli Mesin SAE 10W', 1, 2325000, '6', 'Selesai', '2022-11-05 16:17:43', '2022-11-09 17:01:07'),
(604, '2022-10-10', 'PM00552', '00025', 1, 'Purwoko p', 'Ganti Kampas Rem \r\nbolam engkel Kecil\r\nBolam engkel besar', 0, 0, '4', 'Check by Mechanic', '2022-11-05 17:02:09', '2022-11-05 17:34:21'),
(605, '2022-11-07', 'PM00553', '00037', 1, 'Eko P', 'Rem Macet', 0, 0, '4', 'Check by Mechanic', '2022-11-07 23:12:20', '2022-11-07 23:14:45'),
(606, '2022-11-07', 'PM00554', '00289', 1, 'Hartono', 'Lampu Mati', 0, 0, '6', 'Check by Mechanic', '2022-11-07 23:14:33', '2022-11-07 23:14:48'),
(607, '2022-10-18', 'PM00555', '00286', 1, 'Darkoni', 'Ganti Oli sae 40', 1, 132000, '13', 'Selesai', '2022-11-08 19:17:05', '2022-11-08 19:26:43'),
(608, '2022-10-28', 'PM00556', '00285', 1, 'Darkoni', 'Oli Mesin SAE 40W', 1, 88000, '13', 'Selesai', '2022-11-08 22:03:57', '2022-11-08 22:07:16'),
(609, '2022-10-06', 'PM00557', '00076', 1, 'Joko Triyono', 'Oli SAE 40W', 1, 88000, '6', 'Selesai', '2022-11-08 22:57:20', '2022-11-08 23:00:59');
INSERT INTO `permintaan` (`id`, `tanggal`, `kode_permintaan`, `kode_customer`, `id_lokasi`, `user`, `Keluhan`, `total_item`, `total_harga`, `id_mekanik`, `status`, `created_at`, `updated_at`) VALUES
(610, '2022-10-06', 'PM00558', '00073', 1, 'Joko Triyono', 'OLI 10 W', 1, 93000, '6', 'Selesai', '2022-11-08 22:57:51', '2022-11-08 23:01:06'),
(611, '2022-10-20', 'PM00559', '00023', 1, 'Muhtadin', 'Oli SAE 40W', 1, 88000, '5', 'Selesai', '2022-11-08 23:12:03', '2022-11-08 23:18:14'),
(612, '2022-11-09', 'PM00560', '00283', 1, 'Meylana Putra', 'Minta Oli 40W 3liter', 1, 132000, '6', 'Selesai', '2022-11-09 18:44:21', '2022-11-09 18:46:18'),
(613, '2022-10-07', 'PM00561', '00290', 1, 'Budi Ari', 'Air Accu Kurang', 1, 5000, '12', 'Selesai', '2022-11-09 22:49:45', '2022-11-09 22:52:54'),
(614, '2022-10-24', 'PM00562', '00240', 3, 'Mustaqim', 'Oli 10W 5 Liter', 1, 232500, '23', 'Selesai', '2022-11-10 16:41:23', '2022-11-10 16:44:41'),
(615, '2022-10-18', 'PM00563', '00040', 1, 'Joko Widayat', 'Masuk Angin Terus\r\nFilter Kotor atas/Bawah', 3, 205000, '6', 'Selesai', '2022-11-10 17:36:34', '2022-11-10 17:39:45'),
(616, '2022-09-24', 'PM00564', '00175', 1, 'Sularto', 'Selang Hus Pecah\r\nOli sae 10w 30ltr', 1, 1395000, '6', 'Selesai', '2022-11-10 23:33:16', '2022-11-10 23:35:45'),
(617, '2022-11-14', 'PM00565', '00264', 1, 'Ahmad Soefudin', 'Oli Mesin SAE 40W= 2 Liter', 1, 88000, '3', 'Selesai', '2022-11-14 16:55:54', '2022-11-14 16:58:35'),
(618, '2022-11-10', 'PM00566', '00034', 1, 'M.Tohir', 'Ganti Filter Solar Bawah', 0, 0, '3', 'Check by Mechanic', '2022-11-14 17:02:30', '2022-11-14 17:02:36'),
(619, '2022-11-11', 'PM00567', '00206', 1, 'Sugiarto', 'Oli Sae 40 W= 25 Liter\r\nFilter oli', 2, 1200000, '5', 'Selesai', '2022-11-14 17:06:59', '2022-11-16 22:21:35'),
(620, '2022-11-09', 'PM00568', '00076', 1, 'Joko Triyono', 'Servise Rem', 0, 0, '18', 'Selesai', '2022-11-14 17:10:06', '2022-11-21 16:15:28'),
(621, '2022-11-09', 'PM00569', '00062', 1, 'Eris D', 'Stel rem', 0, 0, '18', 'Selesai', '2022-11-14 17:11:23', '2022-11-21 16:15:37'),
(622, '2022-11-14', 'PM00570', '00062', 1, 'Eris D', 'Kopling Nyeplos \r\nBrig mati', 0, 0, '5', 'Check by Mechanic', '2022-11-21 16:13:33', '2022-11-21 17:49:43'),
(623, '2022-10-15', 'PM00571', '00257', 1, '-', 'Pengecekan Pengereman full', 2, 4905000, '18', 'Selesai', '2022-11-21 17:16:51', '2022-11-21 17:40:28');

-- --------------------------------------------------------

--
-- Table structure for table `permintaan_detail`
--

CREATE TABLE `permintaan_detail` (
  `id_permintaan_detail` int(10) UNSIGNED NOT NULL,
  `id_permintaan` int(10) UNSIGNED NOT NULL,
  `id_barang` int(10) UNSIGNED NOT NULL,
  `biaya` int(11) NOT NULL,
  `jumlah` int(11) NOT NULL,
  `subtotal` int(11) NOT NULL,
  `created_at` timestamp NULL DEFAULT NULL,
  `updated_at` timestamp NULL DEFAULT NULL
) ENGINE=InnoDB DEFAULT CHARSET=utf8mb4 COLLATE=utf8mb4_unicode_ci;

--
-- Dumping data for table `permintaan_detail`
--

INSERT INTO `permintaan_detail` (`id_permintaan_detail`, `id_permintaan`, `id_barang`, `biaya`, `jumlah`, `subtotal`, `created_at`, `updated_at`) VALUES
(4, 590, 514, 44000, 3, 132000, '2022-11-08 18:54:30', '2022-11-08 18:54:30'),
(6, 558, 514, 44000, 5, 220000, '2022-11-08 19:19:40', '2022-11-08 19:19:40'),
(7, 607, 514, 44000, 3, 132000, '2022-11-08 19:24:55', '2022-11-08 19:24:55'),
(8, 561, 387, 888413, 1, 888413, '2022-11-08 19:30:06', '2022-11-08 19:30:06'),
(9, 584, 387, 888413, 1, 888413, '2022-11-08 19:36:56', '2022-11-08 19:36:56'),
(10, 566, 387, 888413, 1, 888413, '2022-11-08 19:41:44', '2022-11-08 19:41:44'),
(11, 589, 514, 44000, 25, 1100000, '2022-11-08 19:46:51', '2022-11-08 19:46:51'),
(12, 608, 514, 44000, 2, 88000, '2022-11-08 22:04:40', '2022-11-08 22:04:40'),
(13, 587, 516, 47965, 2, 95930, '2022-11-08 22:22:30', '2022-11-08 22:22:30'),
(14, 587, 515, 46500, 5, 232500, '2022-11-08 22:24:13', '2022-11-08 22:24:13'),
(15, 592, 516, 47965, 5, 239825, '2022-11-08 22:30:07', '2022-11-08 22:30:07'),
(16, 580, 514, 44000, 15, 660000, '2022-11-08 22:39:53', '2022-11-08 22:39:53'),
(17, 580, 515, 46500, 15, 697500, '2022-11-08 22:40:20', '2022-11-08 22:40:20'),
(18, 598, 515, 46500, 10, 465000, '2022-11-08 22:48:09', '2022-11-08 22:48:09'),
(19, 609, 514, 44000, 2, 88000, '2022-11-08 22:59:06', '2022-11-08 22:59:06'),
(20, 610, 515, 46500, 2, 93000, '2022-11-08 22:59:59', '2022-11-08 22:59:59'),
(21, 611, 514, 44000, 2, 88000, '2022-11-08 23:13:07', '2022-11-08 23:13:07'),
(22, 574, 515, 46500, 5, 232500, '2022-11-08 23:20:02', '2022-11-08 23:20:02'),
(23, 575, 515, 46500, 2, 93000, '2022-11-08 23:22:54', '2022-11-08 23:22:54'),
(24, 600, 514, 44000, 9, 396000, '2022-11-09 16:36:06', '2022-11-09 16:36:06'),
(25, 597, 514, 44000, 3, 132000, '2022-11-09 16:44:10', '2022-11-09 16:44:10'),
(26, 603, 515, 46500, 50, 2325000, '2022-11-09 16:52:46', '2022-11-09 16:52:46'),
(27, 602, 515, 46500, 10, 465000, '2022-11-09 17:39:14', '2022-11-09 17:39:14'),
(28, 601, 514, 44000, 5, 220000, '2022-11-09 17:54:54', '2022-11-09 17:54:54'),
(29, 601, 373, 5000, 2, 10000, '2022-11-09 17:55:32', '2022-11-09 17:55:32'),
(30, 591, 515, 46500, 10, 465000, '2022-11-09 18:29:14', '2022-11-09 18:29:14'),
(31, 612, 514, 44000, 3, 132000, '2022-11-09 18:45:13', '2022-11-09 18:45:13'),
(32, 613, 373, 5000, 1, 5000, '2022-11-09 22:50:27', '2022-11-09 22:50:27'),
(33, 559, 514, 44000, 8, 352000, '2022-11-10 16:23:27', '2022-11-10 16:23:27'),
(34, 614, 515, 46500, 5, 232500, '2022-11-10 16:42:20', '2022-11-10 16:42:20'),
(35, 563, 233, 130000, 1, 130000, '2022-11-10 17:15:32', '2022-11-10 17:15:32'),
(36, 563, 2, 50000, 1, 50000, '2022-11-10 17:22:59', '2022-11-10 17:22:59'),
(37, 563, 8, 25000, 1, 25000, '2022-11-10 17:24:30', '2022-11-10 17:24:30'),
(38, 615, 233, 130000, 1, 130000, '2022-11-10 17:37:50', '2022-11-10 17:37:50'),
(39, 615, 2, 50000, 1, 50000, '2022-11-10 17:38:21', '2022-11-10 17:38:21'),
(40, 615, 8, 25000, 1, 25000, '2022-11-10 17:38:56', '2022-11-10 17:38:56'),
(41, 571, 8, 25000, 1, 25000, '2022-11-10 17:43:15', '2022-11-10 17:43:15'),
(42, 556, 8, 25000, 1, 25000, '2022-11-10 17:45:36', '2022-11-10 17:45:36'),
(43, 576, 514, 44000, 2, 88000, '2022-11-10 17:48:45', '2022-11-10 17:48:45'),
(44, 576, 628, 625000, 1, 625000, '2022-11-10 17:53:18', '2022-11-10 17:53:18'),
(45, 582, 2, 50000, 1, 50000, '2022-11-10 21:22:24', '2022-11-10 21:22:24'),
(46, 582, 8, 25000, 1, 25000, '2022-11-10 21:22:51', '2022-11-10 21:22:51'),
(47, 577, 514, 44000, 8, 352000, '2022-11-10 22:22:15', '2022-11-10 22:22:15'),
(48, 577, 11, 85000, 1, 85000, '2022-11-10 22:24:26', '2022-11-10 22:24:26'),
(49, 577, 628, 625000, 2, 1250000, '2022-11-10 22:34:11', '2022-11-10 22:34:11'),
(50, 616, 515, 46500, 30, 1395000, '2022-11-10 23:34:11', '2022-11-10 23:34:11'),
(51, 617, 514, 44000, 2, 88000, '2022-11-14 16:57:54', '2022-11-14 16:57:54'),
(52, 619, 514, 44000, 25, 1100000, '2022-11-16 22:05:35', '2022-11-16 22:05:35'),
(53, 619, 1081, 100000, 1, 100000, '2022-11-16 22:20:08', '2022-11-16 22:20:08'),
(54, 623, 169, 600000, 8, 4800000, '2022-11-21 17:18:23', '2022-11-21 17:18:23'),
(55, 623, 32, 35000, 3, 105000, '2022-11-21 17:37:34', '2022-11-21 17:37:34');

-- --------------------------------------------------------

--
-- Table structure for table `personal_access_tokens`
--

CREATE TABLE `personal_access_tokens` (
  `id` bigint(20) UNSIGNED NOT NULL,
  `tokenable_type` varchar(255) COLLATE utf8mb4_unicode_ci NOT NULL,
  `tokenable_id` bigint(20) UNSIGNED NOT NULL,
  `name` varchar(255) COLLATE utf8mb4_unicode_ci NOT NULL,
  `token` varchar(64) COLLATE utf8mb4_unicode_ci NOT NULL,
  `abilities` text COLLATE utf8mb4_unicode_ci DEFAULT NULL,
  `last_used_at` timestamp NULL DEFAULT NULL,
  `created_at` timestamp NULL DEFAULT NULL,
  `updated_at` timestamp NULL DEFAULT NULL
) ENGINE=InnoDB DEFAULT CHARSET=utf8mb4 COLLATE=utf8mb4_unicode_ci;

-- --------------------------------------------------------

--
-- Table structure for table `petugas`
--

CREATE TABLE `petugas` (
  `id_petugas` int(10) UNSIGNED NOT NULL,
  `nama_petugas` varchar(255) COLLATE utf8mb4_unicode_ci NOT NULL,
  `kategori_tugas` varchar(255) COLLATE utf8mb4_unicode_ci NOT NULL,
  `departemen_tugas` varchar(255) COLLATE utf8mb4_unicode_ci NOT NULL,
  `telepon` varchar(255) COLLATE utf8mb4_unicode_ci NOT NULL,
  `alamat` varchar(255) COLLATE utf8mb4_unicode_ci NOT NULL,
  `created_at` timestamp NULL DEFAULT NULL,
  `updated_at` timestamp NULL DEFAULT NULL
) ENGINE=InnoDB DEFAULT CHARSET=utf8mb4 COLLATE=utf8mb4_unicode_ci;

--
-- Dumping data for table `petugas`
--

INSERT INTO `petugas` (`id_petugas`, `nama_petugas`, `kategori_tugas`, `departemen_tugas`, `telepon`, `alamat`, `created_at`, `updated_at`) VALUES
(2, 'Fery Kusmiyanto', 'Mekanik', 'Kendaraan & Peralatan', '085640723506', 'Peralatan', '2022-04-12 03:01:58', '2022-04-12 03:01:58'),
(3, 'Hariyanto', 'Mekanik', 'Kendaraan & Peralatan', '085729165761', 'Peralatan', '2022-04-12 03:02:30', '2022-04-12 03:02:30'),
(4, 'Sutiyono', 'Mekanik', 'Kendaraan & Peralatan', '085712101256', 'Peralatan', '2022-04-12 03:03:03', '2022-04-12 03:03:03'),
(5, 'Feri Adi', 'Mekanik', 'Kendaraan & Peralatan', '085814278640', 'Peralatan', '2022-04-12 03:03:33', '2022-04-12 03:03:33'),
(6, 'Catur Ari N', 'Mekanik', 'Kendaraan & Peralatan', '082245052592', 'Peralatan', '2022-04-12 03:05:29', '2022-04-12 03:05:29'),
(7, 'Sularto', 'Mekanik', 'Kendaraan & Peralatan', '085229477302', 'Peralatan', '2022-04-12 03:06:01', '2022-04-12 03:06:01'),
(8, 'Ahmad Royani', 'Mekanik', 'Kendaraan & Peralatan', '085329795979', 'Peralatan', '2022-04-12 03:06:58', '2022-04-12 03:06:58'),
(9, 'Indro Purnomo', 'Mekanik', 'Kendaraan & Peralatan', '-', 'Peralatan', '2022-04-12 03:07:25', '2022-04-12 03:07:25'),
(10, 'Abdul Fatah', 'Mekanik', 'Kendaraan & Peralatan', '085372650005', 'Peralatan', '2022-04-12 03:08:02', '2022-04-12 03:08:02'),
(11, 'Ridwan Efendi', 'Mekanik', 'Kendaraan & Peralatan', '085711888653', 'Peralatan', '2022-04-12 03:09:02', '2022-04-12 03:09:02'),
(12, 'Budi Ari', 'Mekanik', 'Kendaraan & Peralatan', '088232528573', 'Peralatan', '2022-04-12 03:12:49', '2022-04-12 03:12:49'),
(13, 'Darkoni', 'Admin', 'Kendaraan & Peralatan', '085865091181', 'Peralatan', '2022-04-12 03:13:16', '2022-04-12 03:13:16'),
(14, 'Imron', 'Mekanik', 'Kendaraan & Peralatan', '081225731482', 'Peralatan', '2022-04-12 03:13:44', '2022-04-12 03:13:44'),
(15, 'Dachroni', 'Mekanik', 'Kendaraan & Peralatan', '-', 'Bugel', '2022-05-23 04:50:17', '2022-05-23 04:50:17'),
(16, 'Alip', 'Mekanik', 'Kendaraan & Peralatan', '-', 'Bugel', '2022-05-23 05:28:40', '2022-05-23 05:28:40'),
(17, 'Teddy', 'Mekanik', 'Kendaraan & Peralatan', '-', 'Kelontong', '2022-09-03 16:32:38', '2022-09-03 16:32:38'),
(18, 'Hartono', 'Mekanik', 'Kendaraan & Peralatan', '.', 'Kelontong', '2022-09-07 16:35:48', '2022-09-07 16:41:34'),
(19, 'Mujazim', 'Mekanik', 'Kendaraan & Peralatan', '.', 'Bugel', '2022-09-08 22:19:03', '2022-09-08 22:19:03'),
(21, 'Adi Joko', 'Mekanik', 'Kendaraan & Peralatan', '.', 'Bugel', '2022-09-20 21:45:48', '2022-09-20 21:45:48'),
(22, 'Taufik Hidayat', 'Mekanik', 'Kendaraan & Peralatan', '08741374777', 'Peralatan', '2022-11-05 15:56:41', '2022-11-05 15:57:09'),
(23, 'Aris Riswanto', 'Operator', 'Kendaraan & Peralatan', '085211960616', 'AMP Bugel', '2022-11-10 16:39:48', '2022-11-10 16:39:48');

-- --------------------------------------------------------

--
-- Table structure for table `pr_detail`
--

CREATE TABLE `pr_detail` (
  `id_perencanaan_detail` bigint(20) UNSIGNED NOT NULL,
  `id_perencanaan` bigint(20) UNSIGNED NOT NULL,
  `id_barang` bigint(20) UNSIGNED NOT NULL,
  `biaya_perkiraan` int(11) NOT NULL,
  `biaya_realisasi` int(11) DEFAULT NULL,
  `jumlah` int(11) DEFAULT NULL,
  `subtotal` int(11) DEFAULT NULL,
  `status` varchar(255) COLLATE utf8mb4_unicode_ci DEFAULT NULL,
  `deleted_at` timestamp NULL DEFAULT NULL,
  `created_at` timestamp NULL DEFAULT NULL,
  `updated_at` timestamp NULL DEFAULT NULL
) ENGINE=InnoDB DEFAULT CHARSET=utf8mb4 COLLATE=utf8mb4_unicode_ci;

-- --------------------------------------------------------

--
-- Table structure for table `sessions`
--

CREATE TABLE `sessions` (
  `id` varchar(255) COLLATE utf8mb4_unicode_ci NOT NULL,
  `user_id` bigint(20) UNSIGNED DEFAULT NULL,
  `ip_address` varchar(45) COLLATE utf8mb4_unicode_ci DEFAULT NULL,
  `user_agent` text COLLATE utf8mb4_unicode_ci DEFAULT NULL,
  `payload` text COLLATE utf8mb4_unicode_ci NOT NULL,
  `last_activity` int(11) NOT NULL
) ENGINE=InnoDB DEFAULT CHARSET=utf8mb4 COLLATE=utf8mb4_unicode_ci;

--
-- Dumping data for table `sessions`
--

INSERT INTO `sessions` (`id`, `user_id`, `ip_address`, `user_agent`, `payload`, `last_activity`) VALUES
('ZBXgce4vToTgIRu7FkS2EZpFqWRS9TG3xvUrmcya', 3, '127.0.0.1', 'Mozilla/5.0 (Windows NT 10.0; Win64; x64) AppleWebKit/537.36 (KHTML, like Gecko) Chrome/107.0.0.0 Safari/537.36', 'YTo1OntzOjY6Il90b2tlbiI7czo0MDoiQ2wwQXl1T2xzUnF2VmFWeFVReVY2Zk5TQlZURlQ1aVplTEFLQlhrbyI7czo2OiJfZmxhc2giO2E6Mjp7czozOiJvbGQiO2E6MDp7fXM6MzoibmV3IjthOjA6e319czo5OiJfcHJldmlvdXMiO2E6MTp7czozOiJ1cmwiO3M6Mjk6Imh0dHA6Ly8xMjcuMC4wLjE6ODAwMC9zZXJ2aWNlIjt9czo1MDoibG9naW5fd2ViXzU5YmEzNmFkZGMyYjJmOTQwMTU4MGYwMTRjN2Y1OGVhNGUzMDk4OWQiO2k6MztzOjE3OiJwYXNzd29yZF9oYXNoX3dlYiI7czo2MDoiJDJ5JDEwJDlSTGFocjE5dHRlNTVhdktXSjBocC5PTXNmRFdmNHVjdUtDLkdBc3B6M0ZINkZFa3hzcGppIjt9', 1669242557);

-- --------------------------------------------------------

--
-- Table structure for table `setting`
--

CREATE TABLE `setting` (
  `id_setting` int(10) UNSIGNED NOT NULL,
  `nama_perusahaan` varchar(255) COLLATE utf8mb4_unicode_ci NOT NULL,
  `alamat` text COLLATE utf8mb4_unicode_ci DEFAULT NULL,
  `telepon` varchar(255) COLLATE utf8mb4_unicode_ci NOT NULL,
  `tipe_nota` tinyint(4) NOT NULL,
  `diskon` smallint(6) NOT NULL DEFAULT 0,
  `path_logo` varchar(255) COLLATE utf8mb4_unicode_ci NOT NULL,
  `path_kartu_member` varchar(255) COLLATE utf8mb4_unicode_ci NOT NULL,
  `created_at` timestamp NULL DEFAULT NULL,
  `updated_at` timestamp NULL DEFAULT NULL
) ENGINE=InnoDB DEFAULT CHARSET=utf8mb4 COLLATE=utf8mb4_unicode_ci;

--
-- Dumping data for table `setting`
--

INSERT INTO `setting` (`id_setting`, `nama_perusahaan`, `alamat`, `telepon`, `tipe_nota`, `diskon`, `path_logo`, `path_kartu_member`, `created_at`, `updated_at`) VALUES
(1, 'Armada Hada Graha', 'JL. Beringin III RT 05 RW 09 Tidar Utara, kec. Magelang Selatan, Kota Magelang', '0293366175', 2, 0, '/img/logo-20220721082042.png', '', NULL, '2022-07-21 15:20:42');

-- --------------------------------------------------------

--
-- Table structure for table `status`
--

CREATE TABLE `status` (
  `id_status` int(11) NOT NULL,
  `status` varchar(255) NOT NULL
) ENGINE=InnoDB DEFAULT CHARSET=utf8mb4;

--
-- Dumping data for table `status`
--

INSERT INTO `status` (`id_status`, `status`) VALUES
(1, 'Submited'),
(2, 'On Progress'),
(3, 'Approved'),
(4, 'Selesai');

-- --------------------------------------------------------

--
-- Table structure for table `table_lokasi`
--

CREATE TABLE `table_lokasi` (
  `id_lokasi` int(10) UNSIGNED NOT NULL,
  `nama_lokasi` varchar(255) COLLATE utf8mb4_unicode_ci NOT NULL,
  `created_at` timestamp NULL DEFAULT NULL,
  `updated_at` timestamp NULL DEFAULT NULL
) ENGINE=InnoDB DEFAULT CHARSET=utf8mb4 COLLATE=utf8mb4_unicode_ci;

--
-- Dumping data for table `table_lokasi`
--

INSERT INTO `table_lokasi` (`id_lokasi`, `nama_lokasi`, `created_at`, `updated_at`) VALUES
(1, 'Kendaraan dan Peralatan', '2022-05-21 12:44:30', '2022-05-21 12:44:30'),
(2, 'Head Office', '2022-05-22 03:40:27', '2022-05-22 03:40:27'),
(3, 'AMP Bugel', '2022-05-23 05:01:47', '2022-05-23 05:01:47'),
(4, 'SCP Bugel', '2022-05-23 05:01:55', '2022-05-23 05:01:55'),
(5, 'CMP Bugel', '2022-05-23 05:02:02', '2022-05-23 05:02:02'),
(6, 'AMP Bawen', '2022-05-23 05:02:11', '2022-05-23 05:02:11'),
(7, 'SCP Bawen', '2022-05-23 05:02:19', '2022-05-23 05:02:19'),
(8, 'CMP Bawen', '2022-05-23 05:02:29', '2022-05-23 05:02:29'),
(9, 'CMP Kaliwungu', '2022-05-23 05:02:42', '2022-05-23 05:02:42'),
(10, 'Jogoresan', '2022-05-23 05:04:38', '2022-05-23 05:04:38'),
(11, 'Tempuran', '2022-05-28 03:59:12', '2022-05-28 03:59:12'),
(12, 'AMP Gombong', '2022-07-19 16:35:13', '2022-07-19 16:35:13'),
(13, 'PRESERVASI JALAN WONOSOBO TEMANGGUNG SECANG BTS DIY (2202 BN)', '2022-07-20 18:37:37', '2022-07-20 18:37:37');

-- --------------------------------------------------------

--
-- Table structure for table `tb_ren`
--

CREATE TABLE `tb_ren` (
  `id_perencanaan` bigint(20) UNSIGNED NOT NULL,
  `kode_rencana` varchar(255) COLLATE utf8mb4_unicode_ci NOT NULL,
  `id_aset` bigint(20) UNSIGNED NOT NULL,
  `id_lokasi` bigint(20) UNSIGNED NOT NULL,
  `km` int(11) DEFAULT NULL,
  `total_item` int(11) DEFAULT NULL,
  `total_harga_master` int(11) DEFAULT NULL,
  `total_harga_perkiraan` int(11) DEFAULT NULL,
  `total_harga_realisasi` int(11) DEFAULT NULL,
  `deleted_at` timestamp NULL DEFAULT NULL,
  `created_at` timestamp NULL DEFAULT NULL,
  `updated_at` timestamp NULL DEFAULT NULL
) ENGINE=InnoDB DEFAULT CHARSET=utf8mb4 COLLATE=utf8mb4_unicode_ci;

-- --------------------------------------------------------

--
-- Table structure for table `users`
--

CREATE TABLE `users` (
  `id` bigint(20) UNSIGNED NOT NULL,
  `name` varchar(255) COLLATE utf8mb4_unicode_ci NOT NULL,
  `email` varchar(255) COLLATE utf8mb4_unicode_ci NOT NULL,
  `email_verified_at` timestamp NULL DEFAULT NULL,
  `password` varchar(255) COLLATE utf8mb4_unicode_ci NOT NULL,
  `foto` varchar(255) COLLATE utf8mb4_unicode_ci DEFAULT NULL,
  `level` tinyint(4) NOT NULL DEFAULT 0,
  `two_factor_secret` text COLLATE utf8mb4_unicode_ci DEFAULT NULL,
  `two_factor_recovery_codes` text COLLATE utf8mb4_unicode_ci DEFAULT NULL,
  `remember_token` varchar(100) COLLATE utf8mb4_unicode_ci DEFAULT NULL,
  `current_team_id` bigint(20) UNSIGNED DEFAULT NULL,
  `profile_photo_path` text COLLATE utf8mb4_unicode_ci DEFAULT NULL,
  `created_at` timestamp NULL DEFAULT NULL,
  `updated_at` timestamp NULL DEFAULT NULL
) ENGINE=InnoDB DEFAULT CHARSET=utf8mb4 COLLATE=utf8mb4_unicode_ci;

--
-- Dumping data for table `users`
--

INSERT INTO `users` (`id`, `name`, `email`, `email_verified_at`, `password`, `foto`, `level`, `two_factor_secret`, `two_factor_recovery_codes`, `remember_token`, `current_team_id`, `profile_photo_path`, `created_at`, `updated_at`) VALUES
(1, 'Administrator', 'admin@gmail.com', NULL, '$2y$10$AtXOPkhskBW0RakbErhWMOmK0SkAcCBzDWxMCDZiiZxPE5JahuYQu', '/img/user.jpg', 1, NULL, NULL, NULL, NULL, NULL, '2022-03-20 20:58:39', '2022-03-20 20:58:39'),
(2, 'Kasir 1', 'kasir1@gmail.com', NULL, '$2y$10$lCzwUB/Ii9VFaCWw1q8/Nut0KLE6y8T2eoWE7a9kiRB1OTH5erNJ.', '/img/user.jpg', 2, NULL, NULL, NULL, NULL, NULL, '2022-03-20 20:58:39', '2022-03-20 20:58:39'),
(3, 'alfeus_hersandy', 'alfeusputra@gmail.com', NULL, '$2y$10$9RLahr19tte55avKWJ0hp.OMsfDWf4ucuKC.GAspz3FH6FEkxspji', '/img/logo-20221014103011.jpeg', 1, NULL, NULL, NULL, NULL, NULL, '2022-03-21 22:37:13', '2022-10-14 17:30:11'),
(5, 'Ian Arisaputra Sutono', 'admin@managementaset.com', NULL, '$2y$10$vFNRStyFkmzkPEzhnAfPb.iPmXj2VD4xWjciBusN/IV/YEmNAz6.S', '/img/user.jpg', 2, NULL, NULL, NULL, NULL, NULL, '2022-04-11 05:56:31', '2022-04-12 05:25:12'),
(6, 'Khusnul Agustin', 'admin2@managementaset.com', NULL, '$2y$10$8FLomE/mPSOYvlbAaGUP..zdQNpqXlghqkryEfZ4oL8g92qXh4N5i', '/img/logo-20220414140023.jpg', 2, NULL, NULL, NULL, NULL, NULL, '2022-04-11 05:57:23', '2022-04-14 08:00:23'),
(8, 'IT Dept', 'itdept@armadahadagraha.com', NULL, '$2y$10$KVjRT9zWqXcYgHjLm94Mq.Fmw78tlSkyP0FDJ2kofKc9DnPAal9Uy', '/img/user.jpg', 2, NULL, NULL, NULL, NULL, NULL, '2022-08-10 18:29:00', '2022-08-10 18:29:00'),
(9, 'Dian Wahyuning Ramadani', 'dian@managemenaset.com', NULL, '$2y$10$jrc.Wxs2Sprwu5u2EHWp6Ood27D4aSRjaAYyRwRr1DNzFeEpaQ09S', '/img/logo-20221027155443.jpg', 2, NULL, NULL, NULL, NULL, NULL, '2022-10-26 18:49:06', '2022-10-27 22:54:43'),
(10, 'Karimul Chakim', 'karim@managemenaset.com', NULL, '$2y$10$N1t2CyzbFQhBL5xUr01Swu..KCQD/nh4P2tFbBwXnwgCJTcOk4gMG', '/img/user.jpg', 4, NULL, NULL, NULL, NULL, NULL, '2022-11-24 09:16:33', '2022-11-24 09:16:33');

--
-- Indexes for dumped tables
--

--
-- Indexes for table `barang`
--
ALTER TABLE `barang`
  ADD PRIMARY KEY (`id_barang`);

--
-- Indexes for table `barang_keluar`
--
ALTER TABLE `barang_keluar`
  ADD PRIMARY KEY (`id_barang_keluar`);

--
-- Indexes for table `departemen`
--
ALTER TABLE `departemen`
  ADD PRIMARY KEY (`id_departemen`);

--
-- Indexes for table `failed_jobs`
--
ALTER TABLE `failed_jobs`
  ADD PRIMARY KEY (`id`),
  ADD UNIQUE KEY `failed_jobs_uuid_unique` (`uuid`);

--
-- Indexes for table `kartu_stok`
--
ALTER TABLE `kartu_stok`
  ADD PRIMARY KEY (`id_kartu_stok`);

--
-- Indexes for table `kategori`
--
ALTER TABLE `kategori`
  ADD PRIMARY KEY (`id_kategori`),
  ADD UNIQUE KEY `kategori_nama_kategori_unique` (`nama_kategori`);

--
-- Indexes for table `level`
--
ALTER TABLE `level`
  ADD PRIMARY KEY (`id_level`);

--
-- Indexes for table `member`
--
ALTER TABLE `member`
  ADD PRIMARY KEY (`id`),
  ADD UNIQUE KEY `member_kode_member_unique` (`kode_member`);

--
-- Indexes for table `migrations`
--
ALTER TABLE `migrations`
  ADD PRIMARY KEY (`id`);

--
-- Indexes for table `mobilisasi`
--
ALTER TABLE `mobilisasi`
  ADD PRIMARY KEY (`id_mobilisasi`);

--
-- Indexes for table `mobilisasi_detail`
--
ALTER TABLE `mobilisasi_detail`
  ADD PRIMARY KEY (`id_mobilisasi_detail`),
  ADD KEY `id_mobilisasi` (`id_mobilisasi`);

--
-- Indexes for table `password_resets`
--
ALTER TABLE `password_resets`
  ADD KEY `password_resets_email_index` (`email`);

--
-- Indexes for table `penerimaan`
--
ALTER TABLE `penerimaan`
  ADD PRIMARY KEY (`id_penerimaan`);

--
-- Indexes for table `penerimaan_detail`
--
ALTER TABLE `penerimaan_detail`
  ADD PRIMARY KEY (`id_penerimaan_detail`);

--
-- Indexes for table `permintaan`
--
ALTER TABLE `permintaan`
  ADD PRIMARY KEY (`id`);

--
-- Indexes for table `permintaan_detail`
--
ALTER TABLE `permintaan_detail`
  ADD PRIMARY KEY (`id_permintaan_detail`),
  ADD KEY `permintaan` (`id_permintaan`),
  ADD KEY `barang` (`id_barang`);

--
-- Indexes for table `personal_access_tokens`
--
ALTER TABLE `personal_access_tokens`
  ADD PRIMARY KEY (`id`),
  ADD UNIQUE KEY `personal_access_tokens_token_unique` (`token`),
  ADD KEY `personal_access_tokens_tokenable_type_tokenable_id_index` (`tokenable_type`,`tokenable_id`);

--
-- Indexes for table `petugas`
--
ALTER TABLE `petugas`
  ADD PRIMARY KEY (`id_petugas`);

--
-- Indexes for table `pr_detail`
--
ALTER TABLE `pr_detail`
  ADD PRIMARY KEY (`id_perencanaan_detail`);

--
-- Indexes for table `sessions`
--
ALTER TABLE `sessions`
  ADD PRIMARY KEY (`id`),
  ADD KEY `sessions_user_id_index` (`user_id`),
  ADD KEY `sessions_last_activity_index` (`last_activity`);

--
-- Indexes for table `setting`
--
ALTER TABLE `setting`
  ADD PRIMARY KEY (`id_setting`);

--
-- Indexes for table `status`
--
ALTER TABLE `status`
  ADD PRIMARY KEY (`id_status`);

--
-- Indexes for table `table_lokasi`
--
ALTER TABLE `table_lokasi`
  ADD PRIMARY KEY (`id_lokasi`);

--
-- Indexes for table `tb_ren`
--
ALTER TABLE `tb_ren`
  ADD PRIMARY KEY (`id_perencanaan`);

--
-- Indexes for table `users`
--
ALTER TABLE `users`
  ADD PRIMARY KEY (`id`),
  ADD UNIQUE KEY `users_email_unique` (`email`);

--
-- AUTO_INCREMENT for dumped tables
--

--
-- AUTO_INCREMENT for table `barang`
--
ALTER TABLE `barang`
  MODIFY `id_barang` int(10) UNSIGNED NOT NULL AUTO_INCREMENT, AUTO_INCREMENT=1188;

--
-- AUTO_INCREMENT for table `barang_keluar`
--
ALTER TABLE `barang_keluar`
  MODIFY `id_barang_keluar` bigint(20) UNSIGNED NOT NULL AUTO_INCREMENT;

--
-- AUTO_INCREMENT for table `departemen`
--
ALTER TABLE `departemen`
  MODIFY `id_departemen` int(11) NOT NULL AUTO_INCREMENT, AUTO_INCREMENT=5;

--
-- AUTO_INCREMENT for table `failed_jobs`
--
ALTER TABLE `failed_jobs`
  MODIFY `id` bigint(20) UNSIGNED NOT NULL AUTO_INCREMENT;

--
-- AUTO_INCREMENT for table `kartu_stok`
--
ALTER TABLE `kartu_stok`
  MODIFY `id_kartu_stok` int(10) UNSIGNED NOT NULL AUTO_INCREMENT;

--
-- AUTO_INCREMENT for table `kategori`
--
ALTER TABLE `kategori`
  MODIFY `id_kategori` int(10) UNSIGNED NOT NULL AUTO_INCREMENT, AUTO_INCREMENT=8;

--
-- AUTO_INCREMENT for table `level`
--
ALTER TABLE `level`
  MODIFY `id_level` int(11) NOT NULL AUTO_INCREMENT, AUTO_INCREMENT=4;

--
-- AUTO_INCREMENT for table `member`
--
ALTER TABLE `member`
  MODIFY `id` int(10) UNSIGNED NOT NULL AUTO_INCREMENT, AUTO_INCREMENT=317;

--
-- AUTO_INCREMENT for table `migrations`
--
ALTER TABLE `migrations`
  MODIFY `id` int(10) UNSIGNED NOT NULL AUTO_INCREMENT, AUTO_INCREMENT=47;

--
-- AUTO_INCREMENT for table `mobilisasi`
--
ALTER TABLE `mobilisasi`
  MODIFY `id_mobilisasi` int(11) NOT NULL AUTO_INCREMENT, AUTO_INCREMENT=12;

--
-- AUTO_INCREMENT for table `mobilisasi_detail`
--
ALTER TABLE `mobilisasi_detail`
  MODIFY `id_mobilisasi_detail` int(11) NOT NULL AUTO_INCREMENT, AUTO_INCREMENT=7;

--
-- AUTO_INCREMENT for table `penerimaan`
--
ALTER TABLE `penerimaan`
  MODIFY `id_penerimaan` bigint(20) UNSIGNED NOT NULL AUTO_INCREMENT;

--
-- AUTO_INCREMENT for table `penerimaan_detail`
--
ALTER TABLE `penerimaan_detail`
  MODIFY `id_penerimaan_detail` bigint(20) UNSIGNED NOT NULL AUTO_INCREMENT;

--
-- AUTO_INCREMENT for table `permintaan`
--
ALTER TABLE `permintaan`
  MODIFY `id` int(10) UNSIGNED NOT NULL AUTO_INCREMENT, AUTO_INCREMENT=624;

--
-- AUTO_INCREMENT for table `permintaan_detail`
--
ALTER TABLE `permintaan_detail`
  MODIFY `id_permintaan_detail` int(10) UNSIGNED NOT NULL AUTO_INCREMENT, AUTO_INCREMENT=56;

--
-- AUTO_INCREMENT for table `personal_access_tokens`
--
ALTER TABLE `personal_access_tokens`
  MODIFY `id` bigint(20) UNSIGNED NOT NULL AUTO_INCREMENT;

--
-- AUTO_INCREMENT for table `petugas`
--
ALTER TABLE `petugas`
  MODIFY `id_petugas` int(10) UNSIGNED NOT NULL AUTO_INCREMENT, AUTO_INCREMENT=24;

--
-- AUTO_INCREMENT for table `pr_detail`
--
ALTER TABLE `pr_detail`
  MODIFY `id_perencanaan_detail` bigint(20) UNSIGNED NOT NULL AUTO_INCREMENT;

--
-- AUTO_INCREMENT for table `setting`
--
ALTER TABLE `setting`
  MODIFY `id_setting` int(10) UNSIGNED NOT NULL AUTO_INCREMENT, AUTO_INCREMENT=2;

--
-- AUTO_INCREMENT for table `status`
--
ALTER TABLE `status`
  MODIFY `id_status` int(11) NOT NULL AUTO_INCREMENT, AUTO_INCREMENT=5;

--
-- AUTO_INCREMENT for table `table_lokasi`
--
ALTER TABLE `table_lokasi`
  MODIFY `id_lokasi` int(10) UNSIGNED NOT NULL AUTO_INCREMENT, AUTO_INCREMENT=14;

--
-- AUTO_INCREMENT for table `tb_ren`
--
ALTER TABLE `tb_ren`
  MODIFY `id_perencanaan` bigint(20) UNSIGNED NOT NULL AUTO_INCREMENT;

--
-- AUTO_INCREMENT for table `users`
--
ALTER TABLE `users`
  MODIFY `id` bigint(20) UNSIGNED NOT NULL AUTO_INCREMENT, AUTO_INCREMENT=11;

--
-- Constraints for dumped tables
--

--
-- Constraints for table `mobilisasi_detail`
--
ALTER TABLE `mobilisasi_detail`
  ADD CONSTRAINT `mobilisasi_detail_ibfk_1` FOREIGN KEY (`id_mobilisasi`) REFERENCES `mobilisasi` (`id_mobilisasi`) ON UPDATE CASCADE;

--
-- Constraints for table `permintaan_detail`
--
ALTER TABLE `permintaan_detail`
  ADD CONSTRAINT `barang` FOREIGN KEY (`id_barang`) REFERENCES `barang` (`id_barang`) ON UPDATE CASCADE,
  ADD CONSTRAINT `permintaan` FOREIGN KEY (`id_permintaan`) REFERENCES `permintaan` (`id`) ON UPDATE CASCADE;
COMMIT;

/*!40101 SET CHARACTER_SET_CLIENT=@OLD_CHARACTER_SET_CLIENT */;
/*!40101 SET CHARACTER_SET_RESULTS=@OLD_CHARACTER_SET_RESULTS */;
/*!40101 SET COLLATION_CONNECTION=@OLD_COLLATION_CONNECTION */;
